Player,TEAM,AGE,GP,W,L,MIN,PTS,FGM,FGA,FG%,3PM,3PA,3P%,FTM,FTA,FT%,OREB,DREB,REB,AST,TOV,STL,BLK,PF,FP,DD2,TD3,+/-
Shai Gilgeous-Alexander,OKC,26,68,57,11,2335.3,2232,770,1474,52.2,145,392,37.0,547,606,90.3,60,282,342,429,170,120,71,151,3689,5,0,822
Anthony Edwards,MIN,23,69,40,29,2504.8,1895,621,1406,44.2,278,695,40.0,375,446,84.1,53,346,399,316,222,79,42,124,2989,6,0,233
Nikola Jokić,DEN,30,62,41,21,2262.9,1806,690,1201,57.5,117,283,41.3,309,383,80.7,179,617,796,637,203,109,43,143,3970,52,29,499
Jayson Tatum,BOS,27,65,47,18,2377.1,1766,604,1330,45.4,231,661,34.9,327,401,81.5,44,522,566,385,195,73,34,144,3149,29,2,477
Giannis Antetokounmpo,MIL,30,58,34,24,1967.2,1753,691,1153,59.9,8,45,17.8,363,600,60.5,136,562,698,345,187,49,72,141,3284,48,7,245
Cade Cunningham,DET,23,66,37,29,2320.9,1698,631,1367,46.2,141,398,35.4,295,344,85.8,53,352,405,609,295,68,49,183,3154,30,9,178
Devin Booker,PHX,28,65,33,32,2431.9,1677,558,1219,45.8,173,495,34.9,388,433,89.6,63,201,264,455,181,64,14,174,2729,12,0,-60
Jalen Brunson,NYK,28,61,39,22,2162.3,1606,558,1138,49.0,140,365,38.4,350,424,82.5,25,156,181,452,153,58,6,132,2540,13,0,156
Tyler Herro,MIA,25,68,30,38,2420.7,1595,564,1224,46.1,226,618,36.6,241,278,86.7,27,330,357,378,174,59,16,79,2641,9,0,-33
Trae Young,ATL,26,66,32,34,2379.0,1593,490,1194,41.0,183,552,33.2,430,492,87.4,31,179,210,753,318,76,11,128,2918,42,0,65
Kevin Durant,PHX,36,58,32,26,2140.6,1545,558,1057,52.8,146,350,41.7,283,340,83.2,22,330,352,253,179,47,72,97,2525,5,0,18
Donovan Mitchell,CLE,28,65,51,14,2027.7,1542,531,1207,44.0,214,583,36.7,266,323,82.4,48,234,282,312,134,85,12,126,2505,4,0,496
Karl-Anthony Towns,NYK,29,63,41,22,2204.9,1542,558,1063,52.5,130,306,42.5,296,355,83.4,189,623,812,192,162,62,46,219,2966,49,0,313
Jalen Green,HOU,23,72,46,26,2412.1,1537,541,1281,42.2,212,604,35.1,243,295,82.4,39,291,330,245,179,61,24,116,2377,3,0,150
James Harden,LAC,35,68,40,28,2386.9,1531,442,1115,39.6,204,591,34.5,443,507,87.4,46,350,396,591,302,101,45,141,3029,32,2,243
LeBron James,LAL,40,59,37,22,2054.5,1467,562,1089,51.6,133,346,38.4,210,275,76.4,59,423,482,499,231,55,35,86,2833,30,10,-53
De'Aaron Fox,SAS,27,62,27,35,2241.1,1459,539,1163,46.3,118,381,31.0,263,318,82.7,54,244,298,392,174,91,25,164,2579,9,0,-69
Stephen Curry,GSW,37,60,34,26,1929.3,1449,476,1066,44.7,263,667,39.4,234,252,92.9,32,229,261,362,177,64,26,82,2398,8,0,211
Damian Lillard,MIL,34,58,32,26,2092.9,1447,444,992,44.8,197,524,37.6,362,393,92.1,29,243,272,410,162,70,10,97,2466,14,2,53
DeMar DeRozan,SAC,35,65,33,32,2331.4,1445,528,1089,48.5,73,209,34.9,316,364,86.8,40,214,254,270,91,60,24,123,2316,1,0,82
Pascal Siakam,IND,30,69,40,29,2275.5,1443,557,1060,52.5,118,299,39.5,211,284,74.3,115,370,485,234,101,61,34,178,2560,10,0,253
Zach LaVine,SAC,30,62,27,35,2159.6,1440,519,1015,51.1,194,443,43.8,208,254,81.9,18,260,278,268,177,54,12,90,2197,4,0,17
Jaren Jackson Jr.,MEM,25,64,38,26,1888.5,1434,519,1052,49.3,120,329,36.5,276,356,77.5,79,285,364,133,139,83,102,220,2486,4,0,313
Tyrese Maxey,PHI,24,52,20,32,1960.2,1369,477,1091,43.7,161,478,33.7,254,289,87.9,15,159,174,317,124,91,21,116,2265,8,1,-124
Darius Garland,CLE,25,66,53,13,2011.7,1368,489,1031,47.4,189,468,40.4,201,228,88.2,38,145,183,438,165,81,11,130,2356,6,0,487
Jamal Murray,DEN,28,63,38,25,2293.0,1360,503,1056,47.6,149,373,39.9,205,231,88.7,42,198,240,380,131,90,32,122,2453,5,0,293
Anfernee Simons,POR,25,67,28,39,2189.8,1306,464,1076,43.1,210,566,37.1,168,186,90.3,24,160,184,320,140,57,5,114,2053,2,0,-180
Jalen Williams,OKC,23,61,49,12,1987.5,1298,493,1031,47.8,111,307,36.2,201,254,79.1,52,281,333,323,134,101,44,144,2483,3,0,422
Alperen Sengun,HOU,22,68,46,22,2145.0,1291,506,1019,49.7,21,86,24.4,258,376,68.6,239,477,716,335,178,78,54,194,2871,42,4,334
Coby White,CHI,25,64,27,37,2127.0,1282,435,979,44.4,191,528,36.2,221,246,89.8,21,207,228,284,149,61,12,138,2052,1,0,-176
Jaylen Brown,BOS,28,56,40,16,1973.6,1275,474,1033,45.9,103,326,31.6,224,296,75.7,80,260,340,264,148,71,19,141,2201,5,0,347
Michael Porter Jr.,DEN,26,69,42,27,2319.8,1254,475,948,50.1,171,432,39.6,133,174,76.4,126,355,481,147,89,45,29,139,2185,14,0,246
Mikal Bridges,NYK,28,70,44,26,2633.4,1240,507,1020,49.7,147,416,35.3,79,100,79.0,64,164,228,249,113,68,38,100,2092,1,0,285
Kyrie Irving,DAL,33,50,28,22,1803.8,1234,447,945,47.3,144,359,40.1,196,214,91.6,60,180,240,231,111,66,23,101,2025,0,0,124
Franz Wagner,ORL,23,51,26,25,1714.9,1233,456,985,46.3,87,290,30.0,234,272,86.0,49,240,289,240,124,66,20,132,2074,3,0,187
Jordan Poole,WAS,25,60,13,47,1813.3,1228,403,951,42.4,206,554,37.2,216,246,87.8,28,162,190,274,190,81,26,183,1998,1,0,-529
Austin Reaves,LAL,26,62,39,23,2145.7,1221,395,876,45.1,163,446,36.5,268,306,87.6,51,225,276,370,149,71,18,121,2225,9,1,153
Bam Adebayo,MIA,27,69,30,39,2378.8,1208,466,960,48.5,59,186,31.7,217,284,76.4,171,499,670,299,148,87,48,151,2718,34,1,-98
CJ McCollum,NOP,33,56,17,39,1831.7,1183,444,1000,44.4,171,459,37.3,124,173,71.7,42,170,212,227,106,46,24,124,1882,0,0,-279
Nikola Vučević,CHI,34,63,26,37,1994.1,1174,478,900,53.1,115,285,40.4,103,128,80.5,146,492,638,216,102,52,42,147,2444,40,1,-135
Evan Mobley,CLE,23,63,52,11,1899.7,1173,454,799,56.8,71,191,37.2,194,266,72.9,146,441,587,192,125,53,97,125,2490,33,0,530
Miles Bridges,CHA,27,56,15,41,1807.4,1170,421,961,43.8,129,397,32.5,199,228,87.3,65,374,439,217,119,41,41,85,2149,13,1,-220
Malik Beasley,DET,28,72,40,32,1984.6,1166,405,927,43.7,281,666,42.2,75,115,65.2,42,152,194,124,78,69,5,113,1729,1,0,164
Tyrese Haliburton,IND,25,63,38,25,2138.6,1161,406,871,46.6,187,487,38.4,162,188,86.2,37,190,227,573,106,95,37,83,2583,25,0,163
LaMelo Ball,CHA,23,46,16,30,1475.7,1159,397,990,40.1,176,524,33.6,189,225,84.0,47,184,231,337,163,54,13,151,1980,13,0,-123
Norman Powell,LAC,31,50,30,20,1618.3,1135,394,808,48.8,155,370,41.9,192,233,82.4,19,151,170,106,98,64,8,94,1616,1,0,233
RJ Barrett,TOR,24,53,19,34,1742.7,1135,426,902,47.2,99,279,35.5,184,286,64.3,53,290,343,296,160,42,15,131,2002,10,2,-182
Ivica Zubac,LAC,28,69,40,29,2254.7,1130,500,805,62.1,0,0,0.0,130,203,64.0,256,607,863,176,114,49,82,149,2709,48,0,372
Shaedon Sharpe,POR,21,64,29,35,1964.8,1128,424,940,45.1,126,407,31.0,154,193,79.8,57,213,270,169,129,50,15,109,1772,1,0,-169
Trey Murphy III,NOP,24,53,14,39,1854.2,1124,381,839,45.4,158,438,36.1,204,230,88.7,47,221,268,188,103,56,39,112,1910,2,0,-384
Desmond Bane,MEM,26,59,34,25,1871.5,1117,414,852,48.6,134,343,39.1,155,176,88.1,56,313,369,321,150,70,25,145,2176,10,1,178
Victor Wembanyama,SAS,21,46,21,25,1527.3,1116,408,857,47.6,142,403,35.2,158,189,83.6,82,424,506,168,149,52,176,105,2510,28,1,102
Derrick White,BOS,30,67,50,17,2267.8,1113,378,855,44.2,234,607,38.6,123,146,84.2,57,234,291,297,110,66,71,124,2209,3,0,429
Domantas Sabonis,SAC,28,58,31,27,2015.6,1112,437,737,59.3,57,134,42.5,181,242,74.8,223,581,804,361,170,37,23,193,2628,51,9,170
Anthony Davis,DAL,32,43,25,18,1470.4,1107,410,776,52.8,30,96,31.3,257,327,78.6,123,392,515,148,94,54,93,82,2294,33,0,30
Julius Randle,MIN,30,59,36,23,1895.6,1105,385,803,47.9,87,264,33.0,248,307,80.8,128,286,414,274,170,41,13,149,2005,12,0,135
Scottie Barnes,TOR,23,56,21,35,1885.1,1105,413,919,44.9,68,249,27.3,211,274,77.0,94,343,437,330,166,85,57,104,2384,23,1,-164
Luka Dončić,LAL,26,39,24,15,1366.6,1077,356,805,44.2,136,380,35.8,229,298,76.8,36,295,331,306,151,75,17,101,2058,20,5,278
OG Anunoby,NYK,27,64,39,25,2342.6,1076,394,851,46.3,143,391,36.6,145,181,80.1,85,221,306,138,84,94,57,151,2019,1,0,250
Christian Braun,DEN,23,70,43,27,2338.3,1053,409,712,57.4,75,193,38.9,160,194,82.5,85,266,351,169,71,75,35,150,1987,4,0,363
Deni Avdija,POR,24,66,31,35,1943.6,1050,342,725,47.2,109,298,36.6,257,329,78.1,87,368,455,247,172,62,33,154,2080,13,1,-79
Malik Monk,SAC,27,58,32,26,1901.5,1047,387,871,44.4,130,398,32.7,143,164,87.2,29,193,222,341,139,58,38,148,1974,4,0,103
Bennedict Mathurin,IND,22,64,37,27,1939.7,1038,359,765,46.9,93,257,36.2,227,273,83.2,76,271,347,119,120,39,24,147,1702,8,0,61
Naz Reid,MIN,25,71,40,31,1984.0,1036,386,840,46.0,163,423,38.5,101,131,77.1,82,354,436,161,96,56,68,173,2077,10,0,306
Andrew Wiggins,MIA,30,56,24,32,1730.4,1028,357,788,45.3,123,328,37.5,191,248,77.0,81,167,248,142,91,54,46,96,1748,3,0,-124
Cameron Johnson,BKN,29,54,20,34,1725.9,1024,341,716,47.6,156,391,39.9,186,210,88.6,51,185,236,173,91,52,25,102,1707,2,0,-180
Collin Sexton,UTA,26,56,13,43,1571.4,1016,364,760,47.9,99,244,40.6,189,220,85.9,57,101,158,234,148,37,5,129,1535,2,0,-158
Payton Pritchard,BOS,27,70,51,19,1977.7,991,347,741,46.8,231,553,41.8,66,78,84.6,91,169,260,237,65,61,13,107,1816,4,0,382
Myles Turner,IND,28,62,36,26,1901.5,968,340,710,47.9,134,340,39.4,154,197,78.2,77,326,403,99,108,51,118,163,1999,11,0,159
Stephon Castle,SAS,20,69,30,39,1782.0,967,346,809,42.8,80,279,28.7,195,269,72.5,67,157,224,250,141,66,18,138,1722,2,0,-116
Ja Morant,MEM,25,43,28,15,1291.1,960,329,733,44.9,66,227,29.1,236,283,83.4,25,150,175,320,161,53,11,95,1681,12,1,225
Jarrett Allen,CLE,26,71,57,14,2029.2,959,392,558,70.3,0,4,0.0,175,241,72.6,188,522,710,139,82,68,68,111,2346,37,0,478
De'Andre Hunter,CLE,27,55,32,23,1509.7,957,307,651,47.2,139,335,41.5,204,238,85.7,40,179,219,78,70,37,9,133,1405,1,0,50
Dillon Brooks,HOU,29,68,44,24,2204.3,956,347,818,42.4,169,428,39.5,93,113,82.3,73,187,260,118,71,55,14,230,1581,0,0,201
Keyonte George,UTA,21,57,12,45,1783.7,956,306,771,39.7,150,429,35.0,194,243,79.8,22,194,216,333,158,41,9,96,1707,4,0,-419
Paolo Banchero,ORL,22,37,14,23,1264.6,939,322,721,44.7,73,219,33.3,222,307,72.3,41,226,267,176,103,31,25,78,1588,7,0,-67
Tobias Harris,DET,32,68,38,30,2188.5,939,362,765,47.3,82,248,33.1,133,154,86.4,64,347,411,150,75,67,54,126,1945,5,0,223
Josh Hart,NYK,30,67,42,25,2529.0,932,358,674,53.1,74,221,33.5,142,180,78.9,145,503,648,381,139,99,26,172,2517,30,8,195
Quentin Grimes,PHI,24,67,28,39,1736.8,923,329,685,48.0,138,351,39.3,127,170,74.7,51,230,281,187,118,64,21,123,1678,2,0,-172
Dyson Daniels,ATL,22,66,33,33,2235.1,920,388,803,48.3,70,205,34.1,74,126,58.7,105,271,376,281,129,202,47,159,2411,7,0,-85
Jaden McDaniels,MIN,24,72,41,31,2316.5,912,361,744,48.5,96,279,34.4,94,113,83.2,117,312,429,149,81,103,63,205,2067,10,0,150
Kelly Oubre Jr.,PHI,29,60,21,39,2078.2,906,348,741,47.0,71,242,29.3,139,185,75.1,97,271,368,108,80,92,30,180,1796,10,0,-258
Klay Thompson,DAL,35,62,28,34,1721.4,900,323,778,41.5,192,486,39.5,62,69,89.9,42,182,224,132,83,46,28,75,1506,0,0,-4
Devin Vassell,SAS,24,55,23,32,1702.2,893,339,767,44.2,128,358,35.8,87,109,79.8,31,186,217,162,74,72,33,94,1637,2,0,-210
Lauri Markkanen,UTA,27,47,9,38,1475.8,892,296,700,42.3,138,399,34.6,162,185,87.6,72,206,278,70,66,33,17,79,1415,5,0,-186
Dennis Schröder,DET,31,66,33,33,1817.2,879,303,733,41.3,119,338,35.2,154,183,84.2,21,146,167,348,129,63,12,156,1697,5,0,-60
Brook Lopez,MIL,36,69,40,29,2193.3,876,327,658,49.7,123,330,37.3,99,117,84.6,94,248,342,117,70,46,129,150,1917,2,0,152
Amen Thompson,HOU,22,62,38,24,2018.3,869,344,624,55.1,21,80,26.3,160,235,68.1,172,343,515,224,129,87,79,146,2192,19,3,185
Josh Giddey,CHI,22,62,27,35,1845.3,865,319,684,46.6,92,243,37.9,135,172,78.5,107,370,477,426,168,75,39,107,2250,24,4,-92
Russell Westbrook,DEN,36,65,38,27,1830.8,858,326,714,45.7,85,249,34.1,121,189,64.0,96,232,328,401,210,93,34,168,2024,11,4,-18
Keldon Johnson,SAS,25,67,29,38,1590.3,838,313,653,47.9,79,239,33.1,133,173,76.9,90,218,308,105,62,44,18,100,1489,2,0,-157
Onyeka Okongwu,ATL,24,64,31,33,1720.5,833,331,574,57.7,36,110,32.7,135,181,74.6,192,360,552,145,70,59,63,161,2009,22,0,39
Bradley Beal,PHX,31,48,21,27,1544.6,832,318,630,50.5,92,233,39.5,104,128,81.3,33,131,164,174,92,49,25,123,1420,1,0,-236
Harrison Barnes,SAS,32,70,31,39,1899.1,825,286,565,50.6,123,289,42.6,130,167,77.8,91,174,265,116,41,24,14,61,1390,1,0,-7
Keegan Murray,SAC,24,67,33,34,2323.6,825,319,724,44.1,131,391,33.5,56,67,83.6,134,322,456,99,56,52,58,172,1795,11,0,63
Aaron Wiggins,OKC,26,70,58,12,1587.5,819,321,654,49.1,120,308,39.0,57,69,82.6,76,188,264,119,59,55,18,90,1474,2,0,483
Scoot Henderson,POR,21,64,30,34,1705.4,813,279,665,42.0,102,285,35.8,153,200,76.5,50,142,192,323,175,68,13,177,1596,2,0,-26
Jalen Duren,DET,21,69,39,30,1792.9,802,330,472,69.9,0,0,0.0,142,208,68.3,241,468,709,175,121,48,79,225,2175,35,0,36
Buddy Hield,GSW,32,71,41,30,1629.5,796,286,686,41.7,176,476,37.0,48,59,81.4,42,188,230,123,85,62,21,114,1421,0,0,81
Ty Jerome,CLE,27,66,53,13,1301.3,791,285,563,50.6,99,234,42.3,122,141,86.5,48,117,165,221,85,77,2,97,1473,0,0,280
Kyle Kuzma,MIL,29,53,17,36,1581.9,781,301,707,42.6,73,255,28.6,106,168,63.1,43,283,326,122,117,29,11,95,1358,6,0,-381
Gradey Dick,TOR,21,54,15,39,1587.4,777,265,647,41.0,114,326,35.0,133,155,85.8,44,149,193,98,83,48,10,120,1247,0,0,-210
Zaccharie Risacher,ATL,19,64,33,31,1575.9,773,291,650,44.8,101,286,35.3,90,125,72.0,77,159,236,78,81,48,32,122,1332,1,0,-112
Fred VanVleet,HOU,31,53,36,17,1870.3,768,263,682,38.6,144,413,34.9,98,120,81.7,30,179,209,296,77,86,23,127,1713,4,0,226
Jonas Valančiūnas,SAC,32,69,18,51,1381.8,762,313,573,54.6,8,35,22.9,128,147,87.1,173,394,567,151,111,34,45,155,1795,19,0,-317
Toumani Camara,POR,24,69,29,40,2267.3,761,282,615,45.9,113,299,37.8,84,116,72.4,157,246,403,154,99,102,46,206,1821,3,0,-112
Jimmy Butler III,GSW,35,44,29,15,1384.0,760,240,487,49.3,23,80,28.8,257,312,82.4,99,148,247,244,61,51,16,45,1562,5,3,187
John Collins,UTA,27,40,12,28,1220.5,758,280,531,52.7,59,148,39.9,139,164,84.8,89,238,327,80,103,39,40,116,1404,13,0,-16
Spencer Dinwiddie,DAL,31,69,33,36,1819.5,758,246,586,42.0,95,283,33.6,171,210,81.4,16,153,169,273,81,60,14,104,1511,2,0,-118
Jakob Poeltl,TOR,29,53,19,34,1578.8,757,331,533,62.1,1,3,33.3,94,139,67.6,175,333,508,150,102,63,64,169,1871,20,0,-42
Jaylen Wells,MEM,21,71,43,28,1831.4,751,265,620,42.7,127,356,35.7,94,116,81.0,76,155,231,118,65,39,8,130,1281,1,0,136
Naji Marshall,DAL,27,58,27,31,1561.5,748,293,587,49.9,53,191,27.7,109,133,82.0,67,214,281,169,92,62,9,89,1460,6,0,-107
Duncan Robinson,MIA,30,68,28,40,1660.8,745,265,610,43.4,171,442,38.7,44,50,88.0,16,139,155,168,81,38,5,129,1231,0,0,40
P.J. Washington,DAL,26,50,28,22,1623.2,739,265,597,44.4,81,215,37.7,128,175,73.1,77,323,400,112,104,59,54,120,1622,14,0,105
Zion Williamson,NOP,24,30,10,20,857.3,737,288,508,56.7,3,13,23.1,158,241,65.6,76,140,216,159,90,37,27,82,1337,8,2,-42
Tyus Jones,PHX,28,70,34,36,1953.9,732,267,597,44.7,149,352,42.3,49,55,89.1,35,133,168,393,86,61,7,60,1641,6,0,-49
Bilal Coulibaly,WAS,20,59,13,46,1947.5,727,263,624,42.1,63,224,28.1,138,185,74.6,91,203,294,199,125,78,41,139,1610,3,1,-587
Keon Johnson,BKN,23,69,23,46,1662.9,706,257,681,37.7,107,349,30.7,85,112,75.9,59,199,258,138,91,75,27,179,1438,0,0,-330
Corey Kispert,WAS,26,61,14,47,1601.5,705,255,565,45.1,120,330,36.4,75,88,85.2,36,145,181,103,64,26,14,98,1133,0,0,-274
D'Angelo Russell,BKN,29,54,25,29,1392.7,704,240,607,39.5,107,339,31.6,117,140,83.6,18,132,150,281,100,52,22,109,1428,3,0,37
Santi Aldama,MEM,24,55,34,21,1383.8,703,274,561,48.8,101,268,37.7,54,78,69.2,86,278,364,158,54,43,29,57,1539,10,0,240
Alex Sarr,WAS,19,55,10,45,1479.2,697,259,654,39.6,90,275,32.7,89,134,66.4,108,260,368,127,85,36,83,122,1601,9,0,-480
Guerschon Yabusele,PHI,29,65,23,42,1736.7,693,255,508,50.2,95,246,38.6,88,121,72.7,125,240,365,133,83,52,22,155,1470,3,0,-117
Amir Coffey,LAC,27,69,39,30,1726.6,690,239,506,47.2,100,244,41.0,112,125,89.6,32,126,158,76,43,39,7,117,1089,0,0,-39
Obi Toppin,IND,27,67,39,28,1305.7,688,261,492,53.0,84,238,35.3,82,102,80.4,49,223,272,104,58,42,22,89,1304,2,0,-109
Tim Hardaway Jr.,DET,33,67,37,30,1855.8,687,226,567,39.9,137,382,35.9,98,118,83.1,17,145,162,105,44,35,6,80,1118,0,0,37
Georges Niang,ATL,31,69,51,18,1509.5,686,250,534,46.8,142,348,40.8,44,55,80.0,46,211,257,100,66,25,13,177,1192,1,0,210
Derrick Jones Jr.,LAC,28,66,38,28,1628.7,685,271,515,52.6,69,188,36.7,74,104,71.2,81,147,228,51,57,69,29,134,1272,0,0,174
Gary Trent Jr.,MIL,26,63,37,26,1578.9,682,238,545,43.7,149,355,42.0,57,67,85.1,16,127,143,73,37,63,4,110,1127,0,0,42
Kristaps Porziņģis,BOS,29,35,23,12,1011.2,682,233,479,48.6,82,207,39.6,134,164,81.7,56,186,242,71,43,29,55,96,1288,6,0,101
Jalen Johnson,ATL,23,36,18,18,1284.2,680,271,542,50.0,44,141,31.2,94,126,74.6,62,297,359,181,106,56,36,67,1552,20,1,55
Rudy Gobert,MIN,32,62,35,27,2024.7,678,262,399,65.7,0,0,0.0,154,225,68.4,214,422,636,112,79,47,92,151,1947,28,0,244
Jerami Grant,POR,31,47,22,25,1523.6,677,214,574,37.3,108,296,36.5,141,166,84.9,26,137,163,101,65,41,46,109,1220,0,0,-202
Julian Champagnie,SAS,23,70,31,39,1616.5,672,229,549,41.7,146,399,36.6,68,76,89.5,61,203,264,94,63,57,30,96,1328,0,0,31
Rui Hachimura,LAL,27,51,31,20,1622.8,670,255,506,50.4,85,209,40.7,75,98,76.5,73,190,263,75,44,41,24,91,1249,1,0,121
Nickeil Alexander-Walker,MIN,26,72,41,31,1806.8,669,236,535,44.1,124,318,39.0,73,93,78.5,43,186,229,182,88,45,26,121,1342,1,0,221
Paul George,PHI,34,41,15,26,1333.6,665,245,570,43.0,96,268,35.8,79,97,81.4,24,195,219,178,106,75,20,101,1374,3,0,-83
Terry Rozier,MIA,31,59,24,35,1570.6,660,241,608,39.6,88,293,30.0,90,105,85.7,40,182,222,157,76,35,14,73,1233,0,0,-154
Dalton Knecht,LAL,23,67,40,27,1379.4,646,235,511,46.0,116,313,37.1,60,80,75.0,32,166,198,63,34,24,6,87,1034,0,0,-85
Scotty Pippen Jr.,MEM,24,69,42,27,1425.4,646,238,505,47.1,69,186,37.1,101,142,71.1,56,170,226,297,116,90,26,169,1595,7,1,55
Caris LeVert,ATL,30,54,42,12,1347.2,638,231,491,47.0,91,236,38.6,85,121,70.2,32,134,166,188,65,48,28,82,1282,1,0,253
Max Christie,DAL,22,67,35,32,1828.4,638,215,499,43.1,101,271,37.3,107,126,84.9,35,185,220,129,70,55,28,110,1275,0,0,-84
Bobby Portis,MIL,30,46,27,19,1160.1,631,258,557,46.3,60,165,36.4,55,67,82.1,83,300,383,102,56,31,25,87,1356,9,0,68
Moses Moody,GSW,22,63,38,25,1372.9,631,213,482,44.2,110,287,38.3,95,119,79.8,43,116,159,82,42,44,26,95,1113,0,0,126
Jalen Wilson,BKN,24,70,22,48,1788.7,630,210,534,39.3,98,308,31.8,112,135,83.0,67,158,225,123,73,35,3,145,1126,0,0,-246
Bub Carrington,WAS,19,70,15,55,2043.7,629,234,593,39.5,107,328,32.6,54,65,83.1,29,247,276,285,114,48,17,162,1469,3,0,-708
Daniel Gafford,DAL,26,51,26,25,1115.1,627,253,362,69.9,0,0,0.0,121,173,69.9,139,211,350,73,61,21,96,136,1447,8,0,48
Donte DiVincenzo,MIN,28,53,30,23,1404.0,623,213,510,41.8,150,381,39.4,47,60,78.3,28,169,197,198,81,65,13,94,1309,1,0,141
Luguentz Dort,OKC,25,63,51,12,1835.8,622,223,522,42.7,143,360,39.7,33,44,75.0,85,179,264,102,44,69,37,187,1366,0,0,462
Nic Claxton,BKN,25,62,18,44,1697.4,621,274,501,54.7,1,16,6.3,72,138,52.2,143,328,471,140,79,56,90,135,1755,12,0,-428
Walker Kessler,UTA,23,55,14,41,1658.3,621,269,400,67.3,5,32,15.6,78,147,53.1,255,422,677,93,80,32,132,122,1985,27,0,-270
Jonathan Kuminga,GSW,22,38,22,16,970.7,619,223,491,45.4,42,130,32.3,131,199,65.8,48,130,178,87,59,33,19,74,1060,2,0,-12
T.J. McConnell,IND,32,67,40,27,1205.5,619,276,533,51.8,14,45,31.1,53,71,74.6,35,123,158,301,97,75,17,68,1439,2,0,-67
Chris Paul,SAS,39,70,31,39,1964.3,617,208,488,42.6,123,320,38.4,78,83,94.0,29,225,254,542,106,88,15,124,1938,12,0,42
Isaiah Joe,OKC,25,64,54,10,1351.3,617,213,499,42.7,156,393,39.7,35,44,79.5,34,131,165,96,34,39,9,105,1069,0,0,455
Aaron Gordon,DEN,29,43,28,15,1185.5,613,215,407,52.8,65,142,45.8,118,145,81.4,69,143,212,133,58,20,10,67,1099,3,0,223
Brice Sensabaugh,UTA,21,61,13,48,1143.8,612,223,484,46.1,117,287,40.8,49,54,90.7,34,132,166,81,88,34,5,86,962,0,0,-209
Royce O'Neale,PHX,31,65,31,34,1640.0,612,217,500,43.4,159,379,42.0,19,26,73.1,51,271,322,146,59,65,30,133,1443,1,0,-38
Kevin Porter Jr.,MIL,24,64,36,28,1206.1,606,236,535,44.1,43,142,30.3,91,124,73.4,33,189,222,202,117,63,13,98,1286,1,1,9
Jabari Smith Jr.,HOU,21,50,34,16,1515.2,605,212,487,43.5,86,241,35.7,95,117,81.2,89,237,326,51,53,20,41,112,1203,5,0,170
Anthony Black,ORL,21,67,31,36,1590.6,604,210,501,41.9,49,157,31.2,135,180,75.0,41,144,185,207,120,69,36,141,1332,0,0,-111
Jordan Clarkson,UTA,32,37,10,27,962.5,600,201,493,40.8,84,232,36.2,114,143,79.7,25,93,118,138,86,31,9,52,983,0,0,-204
Cam Thomas,BKN,23,25,8,17,781.2,599,199,454,43.8,68,195,34.9,133,151,88.1,15,68,83,94,62,15,2,44,829,1,0,-92
Tari Eason,HOU,23,49,31,18,1236.7,599,235,480,49.0,55,159,34.6,74,95,77.9,111,200,311,69,57,88,43,120,1412,5,0,176
Jrue Holiday,BOS,34,54,39,15,1648.7,591,221,499,44.3,91,271,33.6,58,64,90.6,64,167,231,206,73,60,26,91,1362,1,0,203
Kentavious Caldwell-Pope,ORL,32,67,31,36,2024.6,589,211,492,42.9,94,292,32.2,73,85,85.9,26,118,144,119,54,86,31,129,1237,0,0,-24
Jordan Hawkins,NOP,22,54,17,37,1269.5,587,201,532,37.8,107,316,33.9,78,94,83.0,23,125,148,64,54,30,23,49,966,0,0,-314
Cole Anthony,ORL,24,61,30,31,1135.3,585,215,508,42.3,68,195,34.9,87,106,82.1,43,143,186,175,99,42,27,141,1179,0,0,-13
Yves Missi,NOP,20,66,17,49,1774.9,583,236,437,54.0,0,1,0.0,111,178,62.4,229,302,531,86,78,35,91,134,1649,11,0,-454
Jeremy Sochan,SAS,21,50,21,29,1276.8,582,240,437,54.9,27,82,32.9,75,110,68.2,118,215,333,122,80,42,25,119,1286,8,0,-44
Deandre Ayton,POR,26,40,17,23,1205.6,576,265,468,56.6,6,32,18.8,40,60,66.7,124,282,406,64,69,31,39,88,1300,20,0,-162
Julian Strawther,DEN,22,61,39,22,1350.9,572,205,472,43.4,94,263,35.7,68,82,82.9,16,116,132,81,57,38,15,146,954,0,0,-35
Mark Williams,CHA,23,37,8,29,960.3,571,227,380,59.7,0,1,0.0,117,146,80.1,115,254,369,92,50,26,49,89,1327,17,0,-227
Keon Ellis,SAC,25,68,34,34,1582.6,569,193,395,48.9,117,269,43.5,66,76,86.8,53,123,176,96,59,96,51,144,1306,0,0,75
Ochai Agbaji,TOR,24,57,15,42,1537.6,569,227,455,49.9,84,214,39.3,31,45,68.9,52,161,213,87,44,46,29,109,1136,0,0,-227
Brandon Miller,CHA,22,27,8,19,923.6,568,198,491,40.3,104,293,35.5,68,79,86.1,25,106,131,98,76,29,20,74,943,2,0,-124
Grayson Allen,PHX,29,53,27,26,1316.8,568,181,402,45.0,129,297,43.4,77,95,81.1,29,136,165,116,57,47,19,81,1081,1,0,-11
Jalen Suggs,ORL,23,35,20,15,1002.5,567,197,481,41.0,76,242,31.4,97,110,88.2,23,118,141,129,102,51,33,98,1080,0,0,3
Ziaire Williams,BKN,23,55,19,36,1368.4,567,193,464,41.6,92,265,34.7,89,108,82.4,59,203,262,77,57,54,23,135,1171,2,0,-252
Ayo Dosunmu,CHI,25,46,17,29,1393.9,566,221,449,49.2,62,189,32.8,62,79,78.5,26,135,161,208,69,43,18,105,1185,1,1,-234
Taurean Prince,MIL,31,69,39,30,1847.0,564,202,443,45.6,128,286,44.8,32,38,84.2,32,224,256,136,74,63,11,143,1223,1,0,-4
Isaiah Hartenstein,OKC,26,49,43,6,1388.8,560,245,428,57.2,0,16,0.0,70,105,66.7,146,396,542,192,86,39,52,146,1685,27,0,376
Kevin Huerter,CHI,26,60,31,29,1390.8,558,209,504,41.5,107,331,32.3,33,45,73.3,29,151,180,119,56,59,22,106,1140,0,0,49
Brandin Podziemski,GSW,22,53,31,22,1369.6,557,209,485,43.1,80,235,34.0,59,78,75.6,55,206,261,177,58,56,12,77,1282,2,0,175
Kawhi Leonard,LAC,33,28,17,11,857.7,557,219,452,48.5,55,140,39.3,64,83,77.1,28,129,157,83,57,41,13,41,975,3,0,151
Miles McBride,NYK,24,59,37,22,1470.6,557,202,496,40.7,104,280,37.1,49,60,81.7,44,105,149,169,39,56,17,96,1169,0,0,196
Andrew Nembhard,IND,25,54,35,19,1565.1,555,208,447,46.5,45,143,31.5,94,120,78.3,26,144,170,275,100,67,10,129,1303,2,0,168
Kyshawn George,WAS,21,63,14,49,1713.5,552,189,513,36.8,107,333,32.1,67,88,76.1,48,222,270,160,95,66,50,193,1369,1,0,-354
Kyle Filipowski,UTA,21,62,12,50,1223.2,545,203,392,51.8,66,167,39.5,73,117,62.4,85,257,342,119,85,36,10,137,1187,9,0,-221
Dejounte Murray,NOP,28,31,9,22,1012.1,542,194,494,39.3,52,174,29.9,102,124,82.3,17,183,200,228,106,63,12,61,1243,8,1,-207
Luke Kennard,MEM,28,56,33,23,1274.8,536,192,396,48.5,106,238,44.5,46,52,88.5,33,123,156,193,63,45,5,50,1100,0,0,122
Brandon Clarke,MEM,28,64,40,24,1206.9,534,236,380,62.1,1,17,5.9,61,87,70.1,127,199,326,66,41,52,36,145,1247,2,0,181
Matas Buzelis,CHI,20,69,31,38,1200.7,530,197,447,44.1,71,216,32.9,65,76,85.5,45,169,214,57,56,19,58,115,1047,0,0,-60
Jaden Ivey,DET,23,30,14,16,898.0,528,190,413,46.0,63,154,40.9,85,116,73.3,40,84,124,119,89,28,11,67,883,0,0,-62
Draymond Green,GSW,35,57,35,22,1667.4,525,184,430,42.8,67,205,32.7,90,132,68.2,62,289,351,327,144,84,62,182,1731,5,0,234
Wendell Carter Jr.,ORL,25,58,24,34,1500.7,521,189,415,45.5,29,131,22.1,114,154,74.0,129,304,433,121,65,41,31,172,1373,10,0,-28
Zach Edey,MEM,22,56,31,25,1154.8,513,213,375,56.8,16,45,35.6,71,99,71.7,198,232,430,51,73,29,70,147,1330,9,0,94
Mike Conley,MIN,37,61,36,25,1505.7,507,161,401,40.1,113,271,41.7,72,79,91.1,28,127,155,272,64,72,11,94,1286,1,0,199
Isaiah Collier,UTA,20,64,14,50,1616.1,504,196,472,41.5,34,140,24.3,78,117,66.7,29,184,213,396,188,58,12,135,1376,9,0,-308
Chris Boucher,TOR,32,50,18,32,862.3,502,182,370,49.2,70,193,36.3,68,87,78.2,70,154,224,33,29,24,25,68,938,3,0,5
Cason Wallace,OKC,21,61,50,11,1677.9,500,204,435,46.9,66,188,35.1,26,32,81.3,65,146,211,153,52,107,33,137,1351,0,0,342
Jaime Jaquez Jr.,MIA,24,59,26,33,1268.1,499,183,415,44.1,31,105,29.5,102,135,75.6,74,188,262,148,91,56,13,76,1151,2,1,-181
Nick Smith Jr.,CHA,20,52,13,39,1173.3,496,190,483,39.3,86,260,33.1,30,33,90.9,12,95,107,112,72,17,6,68,789,0,0,-319
Nikola Jović,MIA,21,46,21,25,1155.7,494,172,377,45.6,78,210,37.1,72,87,82.8,26,154,180,131,60,38,13,82,1000,0,0,-20
Sam Hauser,BOS,27,61,44,17,1299.1,494,175,389,45.0,138,333,41.4,6,6,100,39,149,188,53,20,34,11,76,914,0,0,288
Tristan da Silva,ORL,23,67,31,36,1516.9,493,184,441,41.7,74,222,33.3,51,59,86.4,68,160,228,102,52,29,16,87,1003,1,0,-101
Clint Capela,ATL,30,55,27,28,1176.4,488,218,390,55.9,0,1,0.0,52,97,53.6,174,295,469,62,47,34,53,106,1358,11,0,-79
Immanuel Quickley,TOR,25,28,9,19,796.8,485,158,371,42.6,70,188,37.2,99,116,85.3,12,89,101,157,52,19,3,55,856,2,0,-51
Kel'el Ware,MIA,20,53,21,32,1128.4,474,203,365,55.6,31,98,31.6,37,53,69.8,86,275,361,51,49,34,58,87,1211,10,0,-16
Nick Richards,PHX,27,49,16,33,1077.4,474,182,306,59.5,0,2,0.0,110,149,73.8,123,291,414,47,69,11,52,120,1161,14,0,-156
Ausar Thompson,DET,22,50,30,20,1065.4,473,197,358,55.0,9,37,24.3,70,113,61.9,93,149,242,109,71,84,27,139,1189,1,0,50
Bogdan Bogdanović,LAC,32,43,23,20,1094.3,473,171,406,42.1,84,244,34.4,47,54,87.0,19,111,130,111,66,33,10,101,859,1,0,35
Josh Green,CHA,24,64,16,48,1809.8,471,169,400,42.3,90,236,38.1,43,64,67.2,55,112,167,103,64,72,14,161,1020,0,0,-361
Ronald Holland II,DET,19,72,40,32,1125.8,471,178,377,47.2,31,141,22.0,84,111,75.7,35,156,191,72,62,45,11,129,914,0,0,-56
Jalen Smith,CHI,25,58,24,34,873.1,469,168,364,46.2,68,206,33.0,65,79,82.3,79,240,319,57,34,15,41,89,1071,2,0,-61
Peyton Watson,DEN,22,59,35,24,1392.8,469,171,363,47.1,44,118,37.3,83,120,69.2,43,152,195,86,51,46,73,106,1138,0,0,-42
Davion Mitchell,MIA,26,64,19,45,1704.0,466,177,383,46.2,67,174,38.5,45,66,68.2,27,109,136,295,113,54,14,159,1163,1,0,-93
Al Horford,BOS,38,55,39,16,1515.4,465,169,406,41.6,99,277,35.7,28,32,87.5,70,257,327,115,42,34,47,76,1231,4,0,334
Patrick Williams,CHI,23,52,23,29,1326.6,464,165,431,38.3,79,225,35.1,55,76,72.4,38,163,201,103,68,39,30,73,999,1,0,-180
AJ Green,MIL,25,63,37,26,1414.3,461,155,368,42.1,131,315,41.6,20,24,83.3,15,126,141,90,34,35,6,137,854,0,0,128
Jose Alvarado,NOP,26,48,17,31,1145.5,460,162,403,40.2,96,253,37.9,40,50,80.0,21,91,112,222,56,64,12,82,1099,1,0,-143
Goga Bitadze,ORL,25,60,31,29,1266.1,456,189,300,63.0,3,23,13.0,75,119,63.0,145,263,408,117,67,44,92,133,1462,14,0,25
Joel Embiid,PHI,31,19,8,11,574.4,452,140,315,44.4,23,77,29.9,149,169,88.2,36,119,155,85,62,14,18,42,800,7,1,-57
Tyrese Martin,BKN,26,53,14,39,1146.8,451,163,403,40.4,86,246,35.0,39,50,78.0,52,139,191,99,62,30,8,69,881,1,0,-233
Brandon Boston,NOP,23,42,8,34,992.8,448,166,381,43.6,49,140,35.0,67,85,78.8,28,106,134,92,52,53,9,73,881,0,0,-140
Jake LaRavia,SAC,23,64,40,24,1311.4,445,155,326,47.5,58,138,42.0,77,113,68.1,90,165,255,155,84,57,23,129,1140,2,0,143
Cameron Payne,NYK,30,64,42,22,932.6,443,158,392,40.3,84,230,36.5,43,48,89.6,13,78,91,176,43,34,15,97,920,0,0,162
Johnny Juzang,UTA,24,54,14,40,1004.8,443,156,365,42.7,92,247,37.2,39,47,83.0,35,120,155,52,27,29,7,105,788,0,0,-218
Dalano Banton,POR,25,57,24,33,849.0,440,155,370,41.9,59,163,36.2,71,99,71.7,20,84,104,119,66,39,27,42,875,0,0,-15
Dorian Finney-Smith,LAL,31,52,29,23,1470.0,434,156,354,44.1,96,245,39.2,26,41,63.4,71,134,205,71,46,47,17,117,933,0,0,246
Sam Merrill,CLE,28,62,48,14,1191.5,432,145,364,39.8,114,315,36.2,28,29,96.6,34,98,132,89,29,43,11,104,857,0,0,309
Ricky Council IV,PHI,23,62,15,47,981.6,431,145,362,40.1,48,170,28.2,93,113,82.3,38,116,154,74,38,30,11,59,812,2,0,-88
Khris Middleton,WAS,33,35,18,17,807.5,423,155,323,48.0,47,128,36.7,66,77,85.7,13,121,134,143,55,33,8,72,866,0,0,48
Jamal Shead,TOR,22,65,23,42,1203.1,422,164,390,42.1,59,175,33.7,35,46,76.1,23,67,90,249,102,39,9,134,946,1,0,-231
Ryan Dunn,PHX,22,63,30,33,1120.5,405,164,378,43.4,62,201,30.8,15,32,46.9,61,143,204,49,27,31,37,132,900,1,0,-97
Simone Fontecchio,DET,29,65,34,31,1100.8,405,137,335,40.9,68,200,34.0,63,77,81.8,42,152,194,59,47,26,11,83,790,0,0,8
Terance Mann,ATL,28,56,32,24,1160.4,404,159,329,48.3,49,132,37.1,37,56,66.1,54,110,164,101,40,35,15,108,862,0,0,-138
Brandon Ingram,TOR,27,18,5,13,595.0,400,155,333,46.5,43,115,37.4,47,55,85.5,17,83,100,93,69,16,11,45,672,0,0,-128
Haywood Highsmith,MIA,28,63,28,35,1528.9,398,148,319,46.4,72,186,38.7,30,40,75.0,53,146,199,91,46,62,36,138,1021,0,0,-8
Noah Clowney,BKN,20,43,10,33,973.0,396,126,347,36.3,82,244,33.6,62,74,83.8,40,125,165,35,42,22,20,97,731,0,0,-249
Cam Whitmore,HOU,20,44,26,18,713.5,395,147,350,42.0,53,161,32.9,48,65,73.8,31,100,131,40,37,28,12,41,695,2,0,23
Max Strus,CLE,28,42,32,10,1049.4,395,137,315,43.5,95,247,38.5,26,30,86.7,42,139,181,126,39,25,10,87,867,0,0,208
Isaiah Stewart,DET,23,66,35,31,1301.7,393,160,286,55.9,14,45,31.1,59,78,75.6,122,244,366,110,61,26,91,161,1287,2,0,13
Jaden Hardy,DAL,22,48,25,23,731.1,391,142,331,42.9,61,159,38.4,46,67,68.7,8,66,74,66,67,22,5,77,593,0,0,-13
Jay Huff,MEM,27,56,33,23,662.7,391,138,267,51.7,75,180,41.7,40,52,76.9,25,90,115,35,30,14,48,72,738,0,0,1
Day'Ron Sharpe,BKN,23,49,14,35,883.2,387,160,309,51.8,11,43,25.6,56,74,75.7,147,176,323,87,62,37,42,111,1080,4,0,70
Moritz Wagner,ORL,27,30,18,12,564.2,386,140,249,56.2,27,75,36.0,79,110,71.8,40,108,148,42,49,24,12,55,686,1,0,-17
Aaron Nesmith,IND,25,34,20,14,851.8,385,137,274,50.0,60,143,42.0,51,56,91.1,24,104,128,47,30,24,13,89,690,0,0,165
Kris Dunn,LAC,31,63,35,28,1497.5,384,158,368,42.9,57,185,30.8,11,18,61.1,49,168,217,185,64,111,24,164,1263,0,0,163
Justin Champagnie,WAS,23,50,13,37,976.8,383,145,297,48.8,53,142,37.3,40,55,72.7,77,170,247,46,40,48,30,90,942,3,0,-220
Gabe Vincent,LAL,28,61,39,22,1298.9,380,140,350,40.0,88,249,35.3,12,18,66.7,15,59,74,89,37,43,12,127,730,0,0,16
Trayce Jackson-Davis,GSW,25,55,29,26,926.0,378,162,285,56.8,0,1,0.0,54,92,58.7,113,182,295,100,41,22,38,69,1021,4,0,-75
Trey Lyles,SAC,29,58,29,29,1078.1,377,131,318,41.2,69,202,34.2,46,64,71.9,67,198,265,71,33,34,21,72,934,1,0,-71
Gary Payton II,GSW,32,57,34,23,845.6,376,160,275,58.2,29,88,33.0,27,38,71.1,47,119,166,74,33,44,17,98,836,0,0,57
Jared Butler,PHI,24,49,5,44,732.2,374,140,315,44.4,33,107,30.8,61,74,82.4,18,64,82,159,55,25,10,71,761,0,0,-101
Seth Curry,CHA,34,60,16,44,894.7,370,138,291,47.4,71,155,45.8,23,28,82.1,23,70,93,46,26,25,7,54,621,0,0,-137
Chet Holmgren,OKC,22,24,20,4,649.1,364,129,257,50.2,32,87,36.8,74,103,71.8,41,159,200,44,41,18,60,48,863,8,0,225
Justin Edwards,PHI,21,37,11,26,945.5,359,137,297,46.1,57,158,36.1,28,40,70.0,37,77,114,56,36,31,15,82,682,0,0,-212
Thomas Bryant,IND,27,54,35,19,811.7,358,138,270,51.1,40,121,33.1,42,51,82.4,73,144,217,50,27,22,34,64,834,1,0,2
Ja'Kobe Walter,TOR,20,45,15,30,903.2,354,128,321,39.9,46,147,31.3,52,69,75.4,46,83,129,60,41,31,8,81,675,1,0,-110
Jared McCain,PHI,21,23,7,16,591.8,352,126,274,46.0,51,133,38.3,49,56,87.5,13,43,56,60,37,15,0,37,517,1,0,-27
Jarace Walker,IND,21,63,36,27,962.6,346,127,280,45.4,52,143,36.4,40,62,64.5,22,157,179,84,67,48,21,98,827,0,0,-167
Donovan Clingan,POR,21,57,25,32,1046.1,344,143,262,54.6,9,33,27.3,49,81,60.5,169,251,420,57,65,25,92,156,1220,5,0,-22
Garrison Mathews,ATL,28,45,20,25,786.4,341,98,245,40.0,82,208,39.4,63,77,81.8,13,70,83,58,29,26,14,77,619,0,0,-64
Jonathan Isaac,ORL,27,62,29,33,964.1,339,120,294,40.8,38,143,26.6,61,91,67.0,105,173,278,30,26,54,69,81,1061,1,0,-80
Zach Collins,CHI,27,53,26,27,804.7,338,125,249,50.2,26,88,29.5,62,71,87.3,82,143,225,89,47,27,27,112,857,4,0,-22
Luke Kornet,BOS,29,63,45,18,1131.0,337,140,208,67.3,0,2,0.0,57,81,70.4,150,167,317,99,27,31,62,100,1118,1,0,293
Kenrich Williams,OKC,30,58,49,9,888.6,334,129,267,48.3,53,137,38.7,23,28,82.1,54,138,192,71,31,34,8,89,766,1,0,305
Moussa Diabaté,CHA,23,62,14,48,1101.7,333,139,234,59.4,0,4,0.0,55,93,59.1,173,218,391,54,53,41,37,96,1064,6,0,-115
Jusuf Nurkić,CHA,30,41,17,24,859.0,332,119,254,46.9,25,85,29.4,69,101,68.3,69,264,333,85,78,35,26,109,964,9,0,-120
Tre Jones,CHI,25,46,21,25,905.0,330,128,238,53.8,19,48,39.6,55,67,82.1,31,85,116,192,35,37,10,55,863,1,0,-31
Jeremiah Robinson-Earl,NOP,24,56,15,41,1004.1,329,122,266,45.9,44,127,34.6,41,49,83.7,86,164,250,69,38,32,7,67,812,2,0,-271
Javonte Green,CLE,31,58,17,41,1157.8,326,114,255,44.7,45,125,36.0,53,72,73.6,55,140,195,50,29,58,30,84,870,0,0,-248
Cody Martin,PHX,29,43,14,29,1034.2,322,122,288,42.4,41,135,30.4,37,52,71.2,46,149,195,96,47,51,29,84,893,0,0,-33
Trendon Watford,BKN,24,33,13,20,632.2,321,116,250,46.4,21,66,31.8,68,90,75.6,26,84,110,76,56,23,8,71,604,1,0,-18
Kelly Olynyk,NOP,33,38,10,28,742.0,319,115,224,51.3,30,71,42.3,59,77,76.6,50,125,175,109,64,25,17,105,755,1,0,-18
Julian Phillips,CHI,21,69,30,39,976.7,314,108,250,43.2,44,135,32.6,54,70,77.1,62,84,146,33,25,33,18,94,667,0,0,-25
Vít Krejčí,ATL,24,46,23,23,945.8,314,111,244,45.5,67,170,39.4,25,37,67.6,16,103,119,124,41,31,23,91,764,1,0,-80
Alex Caruso,OKC,31,46,38,8,890.7,311,115,261,44.1,51,146,34.9,30,38,78.9,30,95,125,116,32,76,25,84,906,0,0,253
Jaxson Hayes,LAL,24,45,31,14,888.9,310,128,177,72.3,0,3,0.0,54,80,67.5,62,153,215,53,34,27,44,105,827,2,0,113
Ben Sheppard,IND,23,56,35,21,1124.7,308,112,266,42.1,62,181,34.3,22,25,88.0,39,122,161,74,18,34,13,118,735,0,0,-67
Kevon Looney,GSW,29,65,38,27,984.4,305,129,252,51.2,0,3,0.0,47,86,54.7,168,239,407,103,37,41,31,139,1127,2,0,60
Malcolm Brogdon,WAS,32,24,6,18,564.1,305,104,240,43.3,16,56,28.6,81,92,88.0,21,70,91,98,38,13,5,30,577,2,0,-121
Mason Plumlee,PHX,35,68,32,36,1204.7,305,116,189,61.4,0,3,0.0,73,113,64.6,109,316,425,121,54,30,43,145,1162,2,0,54
Caleb Martin,DAL,29,36,13,23,1039.2,304,110,255,43.1,34,93,36.6,50,80,62.5,45,103,148,80,47,37,22,69,732,1,0,-131
Jamison Battle,TOR,23,48,15,33,729.4,301,106,249,42.6,75,188,39.9,14,16,87.5,28,77,105,39,17,9,8,68,520,0,0,-164
Marcus Sasser,DET,24,50,27,23,671.8,298,110,234,47.0,47,124,37.9,31,36,86.1,15,41,56,109,41,30,4,62,590,0,0,34
Shake Milton,LAL,28,53,27,26,785.6,297,109,237,46.0,37,102,36.3,42,53,79.2,30,70,100,99,37,23,3,65,607,1,0,-101
Precious Achiuwa,NYK,25,47,30,17,963.1,295,127,246,51.6,9,32,28.1,32,53,60.4,92,173,265,46,35,37,32,67,854,2,0,-47
Andre Drummond,PHI,31,40,12,28,750.6,293,117,234,50.0,3,20,15.0,56,90,62.2,109,201,310,34,55,39,18,94,832,5,0,-245
Dereck Lively II,DAL,21,32,19,13,768.4,292,124,177,70.1,0,0,0.0,44,69,63.8,99,152,251,84,39,17,54,94,893,7,0,124
Quinten Post,GSW,25,33,20,13,556.4,287,105,222,47.3,62,141,44.0,15,19,78.9,31,96,127,47,26,15,17,69,580,0,0,28
Marcus Smart,WAS,31,30,17,13,615.7,280,93,238,39.1,46,134,34.3,48,62,77.4,18,47,65,104,50,35,9,50,596,0,0,47
Sandro Mamukelashvili,SAS,25,49,20,29,458.5,280,101,192,52.6,47,114,41.2,31,42,73.8,43,89,132,31,18,17,14,42,560,0,0,45
Aaron Holiday,HOU,28,53,33,20,670.8,279,95,222,42.8,56,146,38.4,33,40,82.5,11,56,67,67,32,17,8,56,503,0,0,43
Dean Wade,CLE,28,51,42,9,1088.2,278,98,237,41.4,69,194,35.6,13,25,52.0,48,184,232,68,19,38,18,91,807,1,0,250
Bruce Brown,NOP,28,35,14,21,757.1,277,105,250,42.0,23,70,32.9,44,53,83.0,34,93,127,69,34,29,4,60,598,0,0,-196
Dalen Terry,CHI,22,64,27,37,811.2,277,102,219,46.6,28,81,34.6,45,65,69.2,33,66,99,80,43,36,14,94,623,0,0,-173
Jonathan Mogbo,TOR,23,52,12,40,958.4,274,107,245,43.7,14,49,28.6,46,65,70.8,84,139,223,90,48,39,26,106,824,0,0,-234
Talen Horton-Tucker,CHI,24,50,20,30,553.7,270,98,223,43.9,35,96,36.5,39,57,68.4,15,69,84,64,33,17,10,49,515,0,0,-25
Neemias Queta,BOS,25,54,40,14,764.4,269,114,177,64.4,0,3,0.0,41,55,74.5,78,130,208,35,36,15,35,97,685,0,0,161
Vasilije Micić,PHX,31,38,8,30,771.4,269,95,273,34.8,45,125,36.0,34,41,82.9,20,69,89,127,74,15,0,44,537,1,0,-118
Lonzo Ball,CHI,27,35,16,19,777.0,267,89,243,36.6,67,195,34.4,22,27,81.5,25,93,118,115,41,47,17,55,732,0,0,100
Eric Gordon,PHI,36,39,12,27,768.5,266,87,204,42.6,56,137,40.9,36,48,75.0,8,38,46,65,28,26,12,32,505,0,0,-72
Svi Mykhailiuk,UTA,27,29,5,24,582.9,265,94,244,38.5,56,166,33.7,21,26,80.8,15,54,69,55,43,17,6,38,456,0,0,-20
Nicolas Batum,LAC,36,69,39,30,1225.7,264,88,212,41.5,73,178,41.0,15,18,83.3,45,150,195,81,30,47,33,100,830,0,0,108
Tidjane Salaün,CHA,19,49,11,38,939.4,259,84,258,32.6,45,154,29.2,46,64,71.9,57,150,207,53,45,27,12,60,659,1,0,-227
Drew Eubanks,LAC,28,52,16,36,687.6,258,105,177,59.3,3,6,50.0,45,69,65.2,55,151,206,50,36,11,36,56,685,0,0,-137
Kyle Anderson,MIA,31,50,23,27,745.6,258,101,224,45.1,22,60,36.7,34,48,70.8,42,114,156,110,28,31,24,61,747,1,0,-99
Isaac Okoro,CLE,24,45,37,8,842.4,254,91,206,44.2,45,122,36.9,27,37,73.0,38,57,95,58,21,26,16,86,560,0,0,206
Ben Simmons,LAC,28,43,19,24,1003.5,248,112,208,53.8,0,0,0.0,24,33,72.7,41,172,213,265,95,36,22,97,980,1,0,-66
KJ Martin,UTA,24,38,11,27,803.5,245,98,172,57.0,14,46,30.4,35,45,77.8,29,87,116,39,22,16,22,95,535,0,0,-93
Jabari Walker,POR,22,51,19,32,595.7,241,91,178,51.1,23,60,38.3,36,54,66.7,50,127,177,31,25,28,6,73,577,1,0,4
Alec Burks,MIA,33,39,19,20,663.7,239,75,187,40.1,57,139,41.0,32,42,76.2,13,87,100,43,17,22,6,26,491,0,0,54
Jaylin Williams,OKC,22,41,34,7,693.7,239,84,195,43.1,51,136,37.5,20,26,76.9,44,188,232,104,28,18,26,69,777,3,2,245
Kris Murray,POR,24,60,27,33,855.2,238,98,225,43.6,23,93,24.7,19,46,41.3,64,85,149,52,34,31,13,54,593,0,0,-58
Jett Howard,ORL,21,56,26,30,626.2,231,83,234,35.5,50,169,29.6,15,20,75.0,20,45,65,41,27,13,10,59,413,0,0,-86
Jeff Dowtin Jr.,PHI,27,37,9,28,512.6,230,92,186,49.5,23,55,41.8,23,33,69.7,12,46,58,67,12,19,8,23,469,0,0,-103
Bol Bol,PHX,25,32,10,22,426.3,229,90,175,51.4,29,88,33.0,20,26,76.9,19,83,102,20,18,8,24,20,459,1,0,-32
DaQuan Jeffries,CHA,27,36,8,28,784.1,229,85,209,40.7,40,119,33.6,19,23,82.6,29,69,98,38,24,19,21,78,500,0,0,-146
Lindy Waters III,DET,27,47,25,22,699.5,229,83,223,37.2,55,163,33.7,8,11,72.7,17,82,99,47,20,25,10,58,503,0,0,15
Josh Okogie,CHA,26,32,11,21,499.2,220,79,167,47.3,25,65,38.5,37,51,72.5,41,55,96,24,25,40,15,39,511,1,0,25
Ajay Mitchell,OKC,22,34,29,5,561.2,218,84,166,50.6,22,51,43.1,28,33,84.8,17,50,67,57,28,24,3,59,437,1,0,114
Karlo Matković,NOP,23,34,10,24,612.0,218,89,159,56.0,13,41,31.7,27,35,77.1,57,106,163,32,37,16,34,83,575,3,0,-91
Ryan Rollins,MIL,22,45,23,22,552.0,218,83,187,44.4,29,85,34.1,23,27,85.2,19,56,75,61,36,31,16,62,505,0,0,74
Rob Dillingham,MIN,20,43,25,18,501.6,217,92,207,44.4,25,73,34.2,8,15,53.3,12,37,49,96,51,19,1,37,429,0,0,11
Cody Williams,UTA,20,47,9,38,987.6,216,77,236,32.6,33,124,26.6,29,40,72.5,27,82,109,55,42,21,16,89,498,0,0,-299
Andre Jackson Jr.,MIL,23,60,34,26,914.7,214,87,185,47.0,29,74,39.2,11,20,55.0,61,111,172,77,53,33,13,109,621,0,0,-29
Richaun Holmes,WAS,31,28,8,20,503.0,211,83,128,64.8,0,3,0.0,45,54,83.3,58,108,166,41,21,8,22,46,541,3,0,-20
Orlando Robinson,TOR,24,35,17,18,563.2,208,78,182,42.9,9,32,28.1,43,54,79.6,62,95,157,56,37,14,13,67,524,3,0,-111
Monté Morris,PHX,29,41,21,20,527.2,206,73,176,41.5,26,77,33.8,34,40,85.0,10,48,58,66,17,18,3,21,421,0,0,64
Herbert Jones,NOP,26,20,5,15,648.1,205,75,172,43.6,22,72,30.6,33,40,82.5,22,56,78,65,35,37,9,66,499,0,0,-20
Larry Nance Jr.,ATL,32,24,10,14,463.2,203,80,155,51.6,34,76,44.7,9,13,69.2,23,80,103,38,16,20,13,37,467,3,0,-95
Olivier-Maxence Prosper,DAL,22,52,27,25,584.1,201,70,174,40.2,12,51,23.5,49,76,64.5,44,82,126,40,14,26,6,28,494,0,0,-104
Tosan Evbuomwan,BKN,24,21,7,14,501.2,198,71,164,43.3,16,55,29.1,40,53,75.5,25,60,85,33,31,16,7,39,388,0,0,-21
GG Jackson,MEM,20,25,16,9,406.3,196,69,176,39.2,30,89,33.7,28,38,73.7,24,57,81,26,28,10,5,27,349,0,0,-68
Brandon Williams,DAL,25,27,11,16,368.1,195,69,139,49.6,19,52,36.5,38,46,82.6,7,36,43,57,26,17,3,23,366,0,0,-13
Steven Adams,HOU,31,52,34,18,683.8,194,79,148,53.4,0,1,0.0,36,85,42.4,148,136,284,63,49,19,25,52,712,3,0,144
Gui Santos,GSW,22,46,29,17,624.9,192,69,144,47.9,30,82,36.6,24,34,70.6,53,90,143,63,36,18,9,76,503,0,0,112
Adem Bona,PHI,21,47,11,36,585.2,187,71,104,68.3,0,0,0.0,45,66,68.2,60,95,155,16,34,14,41,91,528,1,0,-19
Oso Ighodaro,PHX,22,50,23,27,783.3,185,81,135,60.0,0,2,0.0,23,41,56.1,49,129,178,55,32,20,21,80,572,0,0,71
Tre Mann,CHA,24,13,6,7,319.0,183,70,161,43.5,24,60,40.0,19,21,90.5,12,26,38,39,25,7,4,24,295,0,0,-55
Tristan Vukcevic,WAS,22,25,4,21,280.2,183,66,132,50.0,23,63,36.5,28,36,77.8,17,62,79,24,19,10,13,31,364,0,0,-19
Pelle Larsson,MIA,24,47,18,29,592.6,180,64,147,43.5,23,73,31.5,29,43,67.4,18,48,66,43,16,18,4,77,374,0,0,-33
KJ Simpson,CHA,22,25,2,23,524.9,176,61,184,33.2,18,79,22.8,36,43,83.7,29,41,70,70,37,20,4,37,400,0,0,-163
Reed Sheppard,HOU,20,45,26,19,536.2,174,65,196,33.2,31,111,27.9,13,16,81.3,16,47,63,54,28,28,15,42,432,0,0,-15
Kessler Edwards,DAL,24,39,17,22,589.8,168,67,135,49.6,22,54,40.7,12,13,92.3,22,89,111,42,16,19,20,61,465,1,0,-139
Jae'Sean Tate,HOU,29,47,34,13,530.5,167,62,135,45.9,12,38,31.6,31,45,68.9,47,62,109,40,19,24,6,77,429,0,0,26
Grant Williams,CHA,26,16,6,10,479.0,166,54,123,43.9,27,74,36.5,31,37,83.8,18,64,82,37,28,18,13,46,385,0,0,10
Danté Exum,DAL,29,18,6,12,344.1,164,60,125,48.0,21,47,44.7,23,31,74.2,4,26,30,50,19,12,3,31,301,0,0,-64
DeAndre Jordan,DEN,36,47,32,15,566.1,164,74,113,65.5,0,0,0.0,16,40,40.0,67,162,229,40,34,13,20,61,564,1,0,-32
Duop Reath,POR,28,40,17,23,387.1,164,59,137,43.1,30,90,33.3,16,18,88.9,34,43,77,23,14,10,13,35,346,0,0,-4
Daniel Theis,NOP,32,38,10,28,621.2,162,61,129,47.3,9,37,24.3,31,37,83.8,44,120,164,60,25,18,20,70,538,1,0,-61
Zeke Nnaji,DEN,24,51,34,17,531.0,158,62,125,49.6,13,44,29.5,21,36,58.3,30,52,82,18,12,21,32,57,430,0,0,-8
Charles Bassey,SAS,24,34,14,20,362.6,157,68,116,58.6,0,0,0.0,21,33,63.6,56,95,151,17,23,14,29,47,470,2,0,-119
Paul Reed,DET,25,38,20,18,350.1,156,61,114,53.5,7,22,31.8,27,34,79.4,35,64,99,36,20,36,19,57,474,0,0,55
Blake Wesley,SAS,22,46,20,26,446.6,153,58,125,46.4,11,38,28.9,26,40,65.0,8,28,36,89,39,26,4,27,381,0,0,73
Caleb Houstan,ORL,22,47,21,26,548.0,152,49,132,37.1,41,114,36.0,13,14,92.9,13,34,47,20,6,15,3,45,286,0,0,-97
Malaki Branham,SAS,21,39,16,23,321.6,152,54,125,43.2,24,61,39.3,20,25,80.0,3,36,39,28,30,8,2,17,241,0,0,-46
Antonio Reeves,NOP,22,34,4,30,355.6,151,57,129,44.2,26,69,37.7,11,13,84.6,14,22,36,23,17,12,2,17,254,0,0,-83
Keaton Wallace,ATL,26,28,13,15,454.3,151,57,138,41.3,26,73,35.6,11,11,100,7,31,38,62,29,22,8,36,351,0,0,-32
Bones Hyland,MIN,24,22,10,12,235.4,149,47,118,39.8,32,82,39.0,23,26,88.5,5,19,24,31,25,18,4,29,265,0,0,-34
Jordan Miller,LAC,25,34,18,16,411.2,148,57,131,43.5,8,37,21.6,26,33,78.8,23,35,58,34,24,17,5,25,311,0,0,-59
Landry Shamet,NYK,28,38,23,15,497.0,147,58,133,43.6,26,80,32.5,5,9,55.6,6,33,39,18,17,19,2,38,267,0,0,38
Jock Landale,HOU,29,36,23,13,382.6,143,56,116,48.3,7,17,41.2,24,35,68.6,46,65,111,28,16,7,9,38,350,1,0,-35
Ousmane Dieng,OKC,21,37,30,7,404.8,142,54,125,43.2,23,71,32.4,11,16,68.8,18,63,81,31,18,17,7,33,340,0,0,45
David Roddy,HOU,23,30,9,21,374.9,140,52,112,46.4,18,54,33.3,18,22,81.8,13,66,79,33,21,14,8,19,329,0,0,-64
Jaylen Clark,MIN,23,30,20,10,424.5,139,49,102,48.0,21,47,44.7,20,26,76.9,21,18,39,20,5,33,1,48,313,0,0,32
Micah Potter,UTA,26,33,9,24,583.0,139,47,111,42.3,29,82,35.4,16,18,88.9,37,100,137,26,26,11,11,43,382,0,0,-60
Jalen Pickett,DEN,25,39,26,13,443.5,138,54,126,42.9,28,69,40.6,2,2,100,7,37,44,73,17,14,3,29,334,0,0,50
Mo Bamba,NOP,26,32,19,13,413.5,138,52,112,46.4,15,54,27.8,19,27,70.4,32,113,145,18,20,9,31,56,439,0,0,-75
Terrence Shannon Jr.,MIN,24,30,20,10,333.0,138,55,114,48.2,11,31,35.5,17,21,81.0,10,36,46,31,14,7,5,26,262,1,0,8
Pat Connaughton,MIL,32,34,14,20,472.8,137,51,120,42.5,20,64,31.3,15,19,78.9,17,67,84,55,20,7,9,34,348,0,0,-12
A.J. Lawson,TOR,24,15,8,7,276.5,136,46,116,39.7,23,65,35.4,21,32,65.6,12,36,48,14,8,4,2,27,225,1,0,-12
Reggie Jackson,PHI,34,31,11,20,384.0,136,52,133,39.1,25,74,33.8,7,9,77.8,8,34,42,45,17,16,3,34,294,0,0,-19
Mouhamed Gueye,ATL,22,23,10,13,371.1,135,52,125,41.6,15,63,23.8,16,21,76.2,20,54,74,18,9,21,25,37,380,1,0,27
Jeff Green,HOU,38,27,18,9,328.2,133,48,95,50.5,20,58,34.5,17,20,85.0,9,37,46,13,8,5,4,26,227,0,0,-31
Kyle Lowry,PHI,38,33,14,19,623.1,133,39,111,35.1,28,83,33.7,27,33,81.8,11,54,65,93,20,31,10,61,454,0,0,-56
Craig Porter Jr.,CLE,25,45,37,8,388.5,129,51,94,54.3,15,33,45.5,12,17,70.6,11,37,48,59,25,13,13,19,328,0,0,-3
Luka Garza,MIN,26,34,24,10,209.6,129,49,102,48.0,10,36,27.8,21,31,67.7,31,21,52,10,11,6,3,28,222,0,0,-3
Vince Williams Jr.,MEM,24,19,7,12,353.5,125,47,124,37.9,16,68,23.5,15,20,75.0,17,54,71,39,25,11,5,35,292,0,0,-17
Wendell Moore Jr.,CHA,23,32,11,21,423.3,125,48,104,46.2,11,32,34.4,18,22,81.8,26,58,84,37,20,15,5,29,321,1,0,-96
Jaylon Tyson,CLE,22,42,34,8,371.2,124,47,106,44.3,14,42,33.3,16,20,80.0,31,49,80,38,19,9,2,43,291,1,0,0
Kevin Love,MIA,36,23,13,10,251.5,122,41,115,35.7,24,67,35.8,16,23,69.6,22,72,94,22,14,15,4,21,311,0,0,-25
Quenton Jackson,IND,26,23,11,12,305.2,122,46,94,48.9,11,29,37.9,19,25,76.0,12,23,35,40,14,13,5,39,264,0,0,-25
Cory Joseph,ORL,33,40,18,22,409.0,121,43,106,40.6,26,72,36.1,9,12,75.0,11,31,42,44,14,18,4,36,289,0,0,11
Trevelin Queen,ORL,28,28,12,16,386.0,121,45,128,35.2,16,66,24.2,15,17,88.2,22,23,45,33,21,27,10,37,315,0,0,-93
Isaiah Wong,CHA,24,20,2,18,265.5,120,41,105,39.0,13,33,39.4,25,34,73.5,14,18,32,28,18,11,0,21,215,0,0,-6
Jordan Goodwin,LAL,26,17,10,7,368.0,119,46,96,47.9,19,45,42.2,8,9,88.9,26,46,72,26,14,22,9,30,323,0,0,-21
Robert Williams III,POR,27,20,7,13,351.3,116,50,78,64.1,1,3,33.3,15,17,88.2,35,83,118,21,17,13,33,31,410,0,0,-17
Devin Carter,SAC,23,27,13,14,292.0,115,38,97,39.2,14,49,28.6,25,42,59.5,14,49,63,34,12,15,3,24,284,0,0,2
Isaac Jones,SAC,24,31,14,17,256.8,115,46,68,67.6,2,6,33.3,21,34,61.8,18,28,46,10,14,4,8,27,207,0,0,-66
Jevon Carter,CHI,29,31,10,21,231.3,113,40,98,40.8,25,70,35.7,8,10,80.0,2,27,29,31,9,9,3,11,221,0,0,22
Doug McDermott,SAC,33,36,18,18,285.6,112,38,91,41.8,33,78,42.3,3,5,60.0,2,16,18,4,6,4,2,27,152,0,0,13
Hunter Tyson,DEN,24,46,28,18,352.7,111,37,96,38.5,19,62,30.6,18,25,72.0,22,49,71,18,14,8,5,40,248,0,0,-76
Kai Jones,DAL,24,31,16,15,290.6,110,48,61,78.7,0,2,0.0,14,18,77.8,21,51,72,14,12,6,16,32,271,1,0,2
Anthony Gill,WAS,32,46,6,40,313.0,107,35,66,53.0,8,23,34.8,29,44,65.9,10,36,46,14,10,8,2,26,203,0,0,-28
Dominick Barlow,ATL,21,25,9,16,256.4,107,43,83,51.8,6,19,31.6,15,22,68.2,21,37,58,12,3,7,14,25,255,1,0,-28
Marvin Bagley III,MEM,26,26,5,21,215.5,107,43,84,51.2,3,15,20.0,18,27,66.7,32,35,67,7,11,7,7,14,229,0,0,-11
Jarred Vanderbilt,LAL,25,25,18,7,418.0,106,42,84,50.0,9,29,31.0,13,25,52.0,42,82,124,32,21,26,6,45,378,0,0,15
Cam Reddish,LAL,25,33,15,18,589.5,105,38,94,40.4,13,47,27.7,16,26,61.5,17,49,66,22,12,33,10,43,334,0,0,-91
Gary Harris,ORL,30,37,20,17,566.0,105,37,105,35.2,25,81,30.9,6,10,60.0,16,32,48,20,12,21,10,36,274,0,0,28
Maxi Kleber,LAL,33,34,18,16,636.9,103,37,96,38.5,13,49,26.5,16,21,76.2,25,70,95,43,23,9,17,66,337,0,0,-17
Dillon Jones,OKC,23,43,36,7,408.3,100,37,106,34.9,12,56,21.4,14,24,58.3,23,66,89,45,17,10,3,41,296,0,0,47
Jericho Sims,MIL,26,53,34,19,631.2,98,45,71,63.4,0,0,0.0,8,13,61.5,71,126,197,33,33,10,19,65,438,0,0,25
Torrey Craig,BOS,34,20,12,8,213.0,98,34,72,47.2,22,54,40.7,8,12,66.7,20,24,44,9,2,4,6,26,192,0,0,-38
Dwight Powell,DAL,33,46,21,25,447.8,96,36,49,73.5,1,2,50.0,23,37,62.2,41,59,100,47,15,13,21,63,374,0,0,-28
Bismack Biyombo,SAS,32,18,7,11,316.0,95,43,64,67.2,0,0,0.0,9,19,47.4,28,63,91,22,16,12,13,33,296,3,0,-59
John Konchar,MEM,29,39,23,16,483.7,94,34,80,42.5,19,55,34.5,7,8,87.5,32,97,129,35,15,19,14,31,385,0,0,32
Jamal Cain,NOP,26,28,4,24,321.5,93,31,79,39.2,14,45,31.1,17,26,65.4,20,36,56,16,12,13,8,29,235,0,0,-67
Josh Minott,MIN,22,40,27,13,253.9,92,35,79,44.3,9,36,25.0,13,15,86.7,10,32,42,16,10,15,12,30,237,0,0,-34
Damion Baugh,CHA,24,11,1,10,286.7,91,35,100,35.0,10,44,22.7,11,13,84.6,8,26,34,43,21,14,1,18,220,0,0,-141
Patty Mills,LAC,36,25,8,17,297.9,89,30,86,34.9,21,67,31.3,8,9,88.9,3,18,21,25,17,13,3,19,183,0,0,-8
Rayan Rupert,POR,20,43,19,24,311.7,89,32,82,39.0,10,37,27.0,15,20,75.0,21,25,46,18,21,8,2,24,180,0,0,-84
Trey Jemison III,LAL,25,32,14,18,353.9,88,38,70,54.3,0,0,0.0,12,31,38.7,38,54,92,14,18,8,14,64,267,0,0,-11
Dru Smith,MIA,27,14,8,6,268.2,87,31,61,50.8,16,30,53.3,9,12,75.0,12,24,36,23,17,21,6,30,229,0,0,38
Taj Gibson,CHA,39,29,9,20,319.6,86,37,74,50.0,1,2,50.0,11,16,68.8,43,57,100,16,20,8,12,44,270,1,0,-92
AJ Johnson,WAS,20,17,5,12,228.8,85,33,76,43.4,11,33,33.3,8,11,72.7,3,23,26,38,15,7,1,12,182,0,0,29
Lonnie Walker IV,PHI,26,11,2,9,203.3,85,29,82,35.4,17,51,33.3,10,12,83.3,4,29,33,20,12,6,3,7,170,1,0,-89
Christian Koloko,LAL,24,34,22,12,318.0,84,38,62,61.3,0,3,0.0,8,10,80.0,32,50,82,16,12,7,11,41,248,0,0,-11
Collin Gillespie,PHX,25,22,10,12,210.2,84,29,65,44.6,14,33,42.4,12,13,92.3,12,24,36,40,6,6,3,20,208,0,0,52
Pat Spencer,GSW,28,32,19,13,214.5,83,35,89,39.3,2,17,11.8,11,15,73.3,15,29,44,38,15,12,3,18,223,0,0,-18
Johnny Davis,WAS,23,34,4,30,241.7,80,32,78,41.0,7,29,24.1,9,15,60.0,10,28,38,11,7,15,6,18,198,0,0,-26
Colin Castleton,TOR,24,19,13,6,286.4,78,27,61,44.3,1,9,11.1,23,28,82.1,35,42,77,17,20,7,9,31,224,0,0,-29
Moses Brown,DAL,25,13,5,8,118.6,76,34,49,69.4,0,0,0.0,8,11,72.7,12,32,44,2,11,6,4,17,151,1,0,-14
Branden Carlson,OKC,25,22,20,2,150.7,75,26,55,47.3,18,43,41.9,5,7,71.4,9,27,36,9,4,4,11,15,173,0,0,32
Cam Spencer,MEM,24,18,10,8,190.4,74,23,54,42.6,13,34,38.2,15,15,100,9,16,25,24,5,6,1,18,156,0,0,18
Delon Wright,NYK,32,31,16,15,425.1,72,24,85,28.2,13,51,25.5,11,20,55.0,16,33,49,51,15,24,10,17,294,0,0,18
Jaden Springer,UTA,22,34,21,13,224.3,72,21,53,39.6,9,28,32.1,21,31,67.7,7,25,32,22,10,17,3,27,193,0,0,-4
Jordan Walsh,BOS,21,44,33,11,349.1,72,26,67,38.8,13,44,29.5,7,12,58.3,20,36,56,16,11,10,9,27,209,0,0,49
Jared Rhoden,TOR,25,10,6,4,158.5,71,24,60,40.0,8,28,28.6,15,18,83.3,11,19,30,8,7,7,2,13,139,1,0,32
Jordan McLaughlin,SAS,28,37,15,22,226.7,71,21,50,42.0,13,30,43.3,16,21,76.2,4,20,24,35,12,13,0,14,179,0,0,42
MarJon Beauchamp,NYK,24,32,18,14,148.5,71,25,61,41.0,10,28,35.7,11,16,68.8,10,29,39,10,15,4,1,14,133,0,0,15
Alex Len,LAL,31,45,21,24,366.2,70,30,59,50.8,2,8,25.0,8,17,47.1,38,55,93,37,17,9,20,50,307,0,0,-138
Kobe Brown,LAC,25,33,18,15,228.3,68,30,63,47.6,4,21,19.0,4,5,80.0,18,38,56,20,8,6,3,20,184,0,0,-52
Jaylen Nowell,NOP,25,8,1,7,168.1,67,26,73,35.6,8,27,29.6,7,11,63.6,6,14,20,18,8,1,4,9,125,0,0,-42
Johnny Furphy,IND,20,41,24,17,272.7,66,23,63,36.5,11,36,30.6,9,9,100,17,31,48,10,9,14,8,29,196,0,0,-20
Colby Jones,WAS,22,29,10,19,201.7,62,25,46,54.3,8,17,47.1,4,6,66.7,12,24,36,16,9,12,8,18,180,0,0,-2
De'Anthony Melton,BKN,26,6,4,2,121.0,62,22,54,40.7,13,35,37.1,5,8,62.5,6,14,20,17,10,7,2,18,129,1,0,27
Tyler Kolek,NYK,23,34,22,12,177.4,61,21,56,37.5,11,31,35.5,8,9,88.9,3,13,16,32,9,10,1,15,152,0,0,-12
Damion Lee,PHX,32,18,5,13,108.5,60,19,54,35.2,6,27,22.2,16,17,94.1,2,12,14,9,8,4,0,5,94,0,0,26
Reece Beekman,BKN,23,30,12,18,333.3,60,24,77,31.2,6,31,19.4,6,11,54.5,8,18,26,38,16,19,2,22,195,0,0,-64
Bruno Fernando,TOR,26,17,2,15,146.6,58,26,49,53.1,0,0,0.0,6,8,75.0,21,30,51,18,14,4,9,27,171,0,0,-22
Alex Reese,PHI,25,11,3,8,161.5,57,20,40,50.0,11,29,37.9,6,8,75.0,7,26,33,3,5,8,8,17,144,0,0,36
Tristan Thompson,CLE,34,36,30,6,256.1,57,26,57,45.6,0,3,0.0,5,22,22.7,24,74,98,23,11,1,8,30,225,0,0,-57
Baylor Scheierman,BOS,24,21,19,2,196.9,56,19,54,35.2,13,41,31.7,5,6,83.3,8,25,33,17,3,7,1,13,142,0,0,0
Mitchell Robinson,NYK,26,10,6,4,163.3,55,24,35,68.6,0,0,0.0,7,11,63.6,30,25,55,5,6,10,9,15,180,1,0,20
Killian Hayes,BKN,23,6,1,5,162.3,54,18,43,41.9,8,21,38.1,10,12,83.3,5,13,18,31,9,4,4,13,137,0,0,-24
Elfrid Payton,NOP,31,14,1,13,279.1,53,26,70,37.1,0,1,0.0,1,2,50.0,6,31,37,69,29,16,6,23,238,1,0,-81
Kobe Bufkin,ATL,21,10,6,4,123.6,53,18,47,38.3,4,19,21.1,13,18,72.2,5,16,21,17,8,3,2,9,111,0,0,-23
Bronny James,LAL,20,23,14,9,134.7,52,17,52,32.7,7,28,25.0,11,14,78.6,3,10,13,14,10,5,3,11,103,0,0,-58
Dario Šarić,DEN,30,15,7,8,202.9,52,19,56,33.9,7,26,26.9,7,10,70.0,14,35,49,22,14,7,1,18,154,1,0,-43
Oshae Brissett,PHI,26,6,1,5,142.2,52,19,39,48.7,6,18,33.3,8,14,57.1,7,15,22,4,8,4,3,14,97,0,0,-31
Jalen Hood-Schifino,PHI,21,7,3,4,135.6,49,16,42,38.1,8,24,33.3,9,12,75.0,2,10,12,15,5,3,5,13,105,0,0,-24
Ariel Hukporti,NYK,22,25,17,8,217.4,48,21,31,67.7,0,0,0.0,6,13,46.2,14,37,51,11,21,1,15,32,153,0,0,-63
Maxwell Lewis,BKN,22,18,6,12,146.4,48,18,41,43.9,9,17,52.9,3,4,75.0,6,15,21,9,4,6,2,11,107,0,0,4
Patrick Baldwin Jr.,LAC,22,22,1,21,100.6,47,17,33,51.5,11,21,52.4,2,4,50.0,5,17,22,2,5,3,2,5,86,0,0,34
Markieff Morris,LAL,35,14,7,7,131.6,45,16,60,26.7,8,33,24.2,5,6,83.3,3,16,19,15,3,1,2,12,96,0,0,-11
Adam Flagler,OKC,25,29,26,3,134.7,44,17,70,24.3,10,55,18.2,0,0,0.0,5,11,16,8,3,7,3,12,102,0,0,0
Tyler Smith,MIL,20,19,10,9,87.9,44,17,38,44.7,8,21,38.1,2,4,50.0,4,16,20,4,6,2,3,9,83,0,0,10
Oscar Tshiebwe,UTA,25,8,2,6,118.3,43,16,26,61.5,0,0,0.0,11,14,78.6,18,44,62,5,3,6,0,14,140,1,0,32
Drew Peterson,BOS,25,19,13,6,150.8,41,13,29,44.8,9,23,39.1,6,7,85.7,5,25,30,13,6,5,2,13,112,0,0,60
JT Thor,WAS,22,12,8,4,87.7,41,14,28,50.0,4,12,33.3,9,10,90.0,8,6,14,4,6,5,4,9,85,0,0,-30
Dariq Whitehead,BKN,20,10,3,7,58.6,39,13,27,48.1,12,23,52.2,1,3,33.3,1,5,6,1,6,3,1,2,54,0,0,-8
Nate Williams,HOU,26,14,11,3,85.5,39,16,38,42.1,4,17,23.5,3,4,75.0,1,6,7,5,9,5,4,10,73,0,0,-6
Lamar Stevens,MEM,27,9,4,5,97.3,38,13,32,40.6,5,15,33.3,7,9,77.8,3,26,29,5,6,4,3,10,95,0,0,47
Chris Duarte,CHI,27,17,4,13,74.5,36,12,26,46.2,6,15,40.0,6,8,75.0,5,15,20,9,1,0,0,7,73,0,0,12
Chuma Okeke,PHI,26,6,1,5,138.5,36,14,24,58.3,8,16,50.0,0,0,0.0,15,19,34,9,3,4,2,3,105,1,0,-36
Isaiah Jackson,IND,23,5,1,4,83.9,35,14,23,60.9,0,0,0.0,7,14,50.0,11,17,28,5,5,3,8,14,104,0,0,10
Enrique Freeman,IND,24,20,6,14,139.5,34,12,25,48.0,1,6,16.7,9,15,60.0,6,13,19,8,5,2,2,18,76,0,0,-53
Elijah Harkless,UTA,25,10,1,9,138.0,32,11,35,31.4,7,25,28.0,3,6,50.0,9,12,21,8,3,10,1,18,99,0,0,31
Garrett Temple,TOR,38,25,10,15,182.5,32,9,42,21.4,5,20,25.0,9,10,90.0,5,19,24,26,10,14,2,23,138,0,0,-18
Josh Richardson,MIA,31,8,4,4,149.5,32,11,38,28.9,6,22,27.3,4,4,100,6,6,12,12,8,8,1,17,83,0,0,-31
Markelle Fultz,SAC,26,13,6,7,96.1,31,14,37,37.8,2,5,40.0,1,1,100,3,5,8,11,10,6,1,5,68,0,0,11
TyTy Washington Jr.,PHX,23,13,3,10,102.9,31,12,39,30.8,4,20,20.0,3,4,75.0,4,8,12,15,3,3,0,4,74,0,0,-7
Jaylen Martin,WAS,21,9,2,7,80.4,30,12,31,38.7,4,9,44.4,2,2,100,5,14,19,4,7,2,0,2,58,0,0,-29
Xavier Tillman,BOS,26,29,23,6,206.9,30,12,46,26.1,5,27,18.5,1,2,50.0,9,29,38,7,12,9,5,16,116,0,0,-5
Alex Ducas,OKC,24,19,18,1,96.2,29,10,25,40.0,9,18,50.0,0,0,0.0,6,13,19,3,4,5,0,7,67,0,0,-33
Kevin Knox II,GSW,25,7,6,1,50.9,28,11,24,45.8,3,11,27.3,3,4,75.0,6,5,11,4,1,1,4,5,61,0,0,-9
Marcus Garrett,CHA,26,4,1,3,79.4,28,11,27,40.7,3,8,37.5,3,4,75.0,1,5,6,13,6,3,2,10,64,0,0,-39
Matt Ryan,NYK,27,19,14,5,67.8,28,10,31,32.3,6,19,31.6,2,2,100,0,8,8,3,3,2,0,1,45,0,0,-40
Matisse Thybulle,POR,28,5,4,1,75.9,27,11,22,50.0,4,11,36.4,1,2,50.0,4,14,18,5,0,11,3,1,98,0,0,24
PJ Hall,DEN,23,18,11,7,61.6,26,11,20,55.0,1,7,14.3,3,4,75.0,5,14,19,4,2,0,4,10,65,0,0,0
Pacome Dadiet,NYK,19,15,11,4,98.0,26,9,28,32.1,6,18,33.3,2,3,66.7,0,14,14,5,2,3,2,6,63,0,0,-9
Daeqwon Plowden,ATL,26,2,1,1,32.7,24,8,10,80.0,6,8,75.0,2,2,100,3,2,5,0,1,0,0,5,29,0,0,12
Jazian Gortman,DAL,22,16,8,8,56.6,24,9,23,39.1,4,11,36.4,2,4,50.0,1,4,5,6,5,2,1,9,43,0,0,11
Kylor Kelley,DAL,27,8,3,5,66.7,24,10,13,76.9,0,0,0.0,4,6,66.7,8,13,21,2,1,0,2,8,57,1,0,-36
Yuki Kawamura,MEM,23,20,16,4,63.1,24,8,22,36.4,4,16,25.0,4,6,66.7,0,7,7,14,4,1,0,7,52,0,0,0
Mason Jones,SAC,26,9,4,5,42.8,23,9,18,50.0,1,8,12.5,4,5,80.0,2,6,8,10,1,0,1,3,50,0,0,1
Sidy Cissoko,POR,20,20,10,10,60.9,22,9,18,50.0,3,7,42.9,1,6,16.7,4,7,11,6,3,1,0,7,44,0,0,-2
Spencer Jones,DEN,23,17,11,6,94.1,22,9,25,36.0,1,12,8.3,3,3,100,6,6,12,2,4,5,3,13,59,0,0,-26
Chris Livingston,MIL,21,17,12,5,77.7,21,7,19,36.8,0,6,0.0,7,10,70.0,8,16,24,2,5,5,0,5,63,0,0,-20
Tony Bradley,IND,27,7,6,1,35.2,21,10,12,83.3,1,1,100,0,2,0.0,7,6,13,3,3,1,3,2,50,0,0,-3
JD Davison,BOS,22,11,10,1,50.2,20,6,13,46.2,3,8,37.5,5,7,71.4,1,6,7,4,7,3,0,1,36,0,0,-34
Jae Crowder,SAC,34,7,2,5,91.6,20,6,17,35.3,3,12,25.0,5,6,83.3,6,11,17,4,4,3,0,10,51,0,0,-14
Trey Alexander,DEN,21,20,12,8,85.4,19,7,26,26.9,2,10,20.0,3,4,75.0,0,9,9,8,3,1,1,8,45,0,0,-7
Leonard Miller,MIN,21,10,8,2,27.1,18,5,14,35.7,0,5,0.0,8,8,100,3,8,11,0,2,2,1,2,38,0,0,-13
Pete Nance,MIL,25,9,5,4,77.7,17,6,18,33.3,4,14,28.6,1,2,50.0,2,8,10,3,0,1,0,10,37,0,0,-12
Jackson Rowe,GSW,28,5,3,2,42.7,16,6,15,40.0,2,9,22.2,2,4,50.0,0,8,8,3,1,3,0,4,38,0,0,14
Keshad Johnson,MIA,23,10,5,5,57.0,16,7,12,58.3,1,4,25.0,1,6,16.7,2,15,17,3,3,1,4,5,53,0,0,1
Malachi Flynn,CHA,26,4,2,2,43.7,16,5,13,38.5,1,4,25.0,5,6,83.3,3,4,7,7,4,3,0,4,40,0,0,1
Vlatko Čančar,DEN,27,10,2,8,93.6,16,7,16,43.8,2,7,28.6,0,0,0.0,6,20,26,7,8,1,1,8,56,0,0,8
E.J. Liddell,CHI,24,7,2,5,32.9,15,5,10,50.0,3,8,37.5,2,2,100,1,4,5,3,2,1,1,8,30,0,0,5
Joe Ingles,MIN,37,19,12,7,114.1,15,6,23,26.1,3,15,20.0,0,0,0.0,2,9,11,23,9,2,0,12,60,0,0,2
Armel Traoré,LAL,22,9,5,4,66.7,14,6,19,31.6,0,7,0.0,2,7,28.6,2,13,15,1,3,4,2,6,49,0,0,-49
Jack McVeigh,HOU,28,7,5,2,28.4,14,5,13,38.5,4,10,40.0,0,0,0.0,1,3,4,1,1,0,1,1,22,0,0,7
Taylor Hendricks,UTA,21,3,0,3,74.5,14,4,18,22.2,3,12,25.0,3,4,75.0,5,10,15,2,2,5,4,8,60,0,0,-22
Bryce McGowens,POR,22,13,8,5,32.0,13,4,14,28.6,0,4,0.0,5,6,83.3,2,1,3,2,4,1,0,3,19,0,0,-4
Cam Christie,LAC,19,8,5,3,40.8,13,5,15,33.3,2,10,20.0,1,2,50.0,1,6,7,5,2,3,0,2,36,0,0,9
Isaiah Crawford,SAC,23,11,6,5,37.0,13,5,9,55.6,1,4,25.0,2,4,50.0,1,7,8,0,1,1,1,2,28,0,0,13
Keion Brooks Jr.,NOP,24,4,0,4,52.5,13,5,9,55.6,1,4,25.0,2,4,50.0,1,8,9,3,4,0,3,6,33,0,0,-41
Stanley Umude,MIL,25,20,13,7,64.5,12,4,23,17.4,2,13,15.4,2,4,50.0,4,11,15,3,2,3,3,6,51,0,0,-14
N'Faly Dante,HOU,23,1,0,1,18.6,10,4,6,66.7,0,0,0.0,2,3,66.7,4,5,9,1,1,0,2,4,27,0,0,2
Nae'Qwan Tomlin,CLE,24,3,3,0,14.5,10,4,8,50.0,0,2,0.0,2,3,66.7,1,5,6,0,1,0,0,2,16,0,0,-2
Lester Quinones,NOP,24,4,1,3,17.0,9,4,8,50.0,0,3,0.0,1,1,100,3,1,4,1,4,0,0,0,11,0,0,-4
Liam Robbins,MIL,25,13,8,5,57.0,9,2,8,25.0,0,2,0.0,5,10,50.0,7,5,12,2,6,2,2,9,32,0,0,-5
Trentyn Flowers,LAC,20,2,0,2,15.8,9,4,9,44.4,0,2,0.0,1,1,100,1,3,4,0,1,0,0,3,13,0,0,13
Adama Sanogo,CHI,23,4,2,2,21.5,8,4,7,57.1,0,0,0.0,0,0,0.0,5,1,6,1,1,0,0,1,16,0,0,-5
James Johnson,IND,38,12,5,7,36.6,8,4,11,36.4,0,3,0.0,0,1,0.0,0,6,6,4,4,0,2,5,23,0,0,-9
Luke Travers,CLE,23,9,8,1,54.6,8,3,11,27.3,0,4,0.0,2,2,100,5,7,12,5,5,1,1,4,31,0,0,-4
PJ Dozier,MIN,28,9,7,2,34.9,7,2,3,66.7,2,3,66.7,1,6,16.7,1,4,5,5,1,1,0,3,23,0,0,-4
RayJ Dennis,IND,23,8,5,3,22.9,7,2,10,20.0,1,7,14.3,2,2,100,2,4,6,5,4,3,0,3,27,0,0,-3
Anton Watson,NYK,24,5,3,2,13.7,6,3,7,42.9,0,0,0.0,0,0,0.0,1,1,2,2,1,0,0,1,10,0,0,-2
Emoni Bates,CLE,21,7,7,0,27.4,6,2,14,14.3,2,11,18.2,0,0,0.0,0,0,0,4,0,1,0,2,15,0,0,-16
Jacob Toppin,ATL,24,16,12,4,48.6,6,3,10,30.0,0,2,0.0,0,0,0.0,2,9,11,4,2,2,0,3,29,0,0,-18
James Wiseman,IND,23,1,1,0,4.6,6,2,4,50.0,0,1,0.0,2,2,100,0,1,1,0,0,0,0,0,7,0,0,-4
Josh Christopher,MIA,23,8,4,4,27.6,6,2,7,28.6,0,1,0.0,2,4,50.0,0,3,3,4,4,0,1,1,15,0,0,-8
Tazé Moore,POR,26,2,0,2,19.9,6,2,10,20.0,1,4,25.0,1,2,50.0,4,4,8,1,2,2,0,0,21,0,0,-7
Alondes Williams,DET,25,1,0,1,3.7,5,2,2,100,1,1,100,0,0,0.0,0,0,0,1,0,0,0,0,7,0,0,6
David Duke Jr.,SAS,25,4,0,4,17.6,5,2,7,28.6,0,1,0.0,1,2,50.0,0,3,3,3,1,0,0,1,12,0,0,11
Skal Labissiere,SAC,29,4,2,2,12.0,5,2,4,50.0,1,1,100,0,0,0.0,1,2,3,1,0,0,0,1,10,0,0,-1
Ulrich Chomche,TOR,19,7,3,4,32.2,5,2,5,40.0,0,0,0.0,1,2,50.0,4,4,8,2,2,0,1,5,19,0,0,-24
Jalen Bridges,PHX,23,5,0,5,25.1,4,1,4,25.0,1,4,25.0,1,2,50.0,0,3,3,0,4,0,0,0,4,0,0,0
Cui Yongxi,BKN,21,5,2,3,10.3,3,1,7,14.3,0,3,0.0,1,2,50.0,0,2,2,0,0,0,0,0,5,0,0,2
D.J. Carton,TOR,24,4,1,3,33.4,3,1,7,14.3,0,3,0.0,1,1,100,0,4,4,3,4,2,0,1,14,0,0,12
Quincy Olivari,LAL,23,2,1,1,10.3,3,1,5,20.0,1,5,20.0,0,0,0.0,0,0,0,1,1,0,0,0,4,0,0,-18
Tristen Newton,MIN,23,8,2,6,16.1,3,1,8,12.5,0,3,0.0,1,1,100,2,2,4,2,2,1,0,4,12,0,0,-5
Harrison Ingram,SAS,22,3,0,3,17.3,2,1,3,33.3,0,1,0.0,0,0,0.0,1,4,5,1,0,1,0,2,13,0,0,16
Jamaree Bouyea,MIL,25,1,1,0,4.6,2,1,1,100,0,0,0.0,0,0,0.0,0,0,0,1,1,1,0,0,6,0,0,-1
Malevy Leons,OKC,25,6,6,0,21.0,2,0,2,0.0,0,1,0.0,2,4,50.0,1,2,3,1,1,0,0,4,6,0,0,-18
Yuri Collins,GSW,24,2,2,0,16.3,2,1,3,33.3,0,0,0.0,0,0,0.0,2,1,3,4,0,2,0,5,18,0,0,-5
Daishen Nix,MIN,23,3,3,0,13.2,1,0,1,0.0,0,1,0.0,1,2,50.0,0,4,4,3,4,0,0,1,6,0,0,9
Bobi Klintman,DET,22,6,4,2,17.3,0,0,2,0.0,0,1,0.0,0,0,0.0,0,4,4,1,1,0,1,2,8,0,0,4
Cole Swider,DET,25,2,0,2,13.1,0,0,5,0.0,0,5,0.0,0,0,0.0,0,2,2,1,0,0,0,1,4,0,0,10
Daniss Jenkins,DET,23,5,3,2,9.9,0,0,4,0.0,0,4,0.0,0,0,0.0,0,0,0,0,1,0,0,2,-1,0,0,-14
Emanuel Miller,CHI,24,1,0,1,2.4,0,0,0,0.0,0,0,0.0,0,0,0.0,0,0,0,0,0,0,0,0,0,0,0,-3
Jahlil Okafor,IND,29,1,0,1,3.4,0,0,0,0.0,0,0,0.0,0,0,0.0,0,1,1,1,0,0,0,0,3,0,0,5
Jahmir Young,CHI,24,1,0,1,2.4,0,0,0,0.0,0,0,0.0,0,0,0.0,0,1,1,1,0,0,0,0,3,0,0,-3
Jalen McDaniels,WAS,27,4,2,2,7.3,0,0,0,0.0,0,0,0.0,0,0,0.0,0,0,0,1,0,1,0,0,5,0,0,-1
Jesse Edwards,MIN,25,2,2,0,4.7,0,0,0,0.0,0,0,0.0,0,0,0.0,0,0,0,1,0,0,0,2,2,0,0,-10
Justin Minaya,POR,25,10,4,6,24.7,0,0,2,0.0,0,1,0.0,0,0,0.0,2,2,4,2,0,1,0,3,11,0,0,-21
Mac McClung,ORL,26,2,1,1,10.2,0,0,2,0.0,0,1,0.0,0,0,0.0,0,1,1,3,0,0,0,2,6,0,0,-2
Miles Norris,BOS,24,1,1,0,4.0,0,0,0,0.0,0,0,0.0,0,0,0.0,0,2,2,0,0,0,0,0,2,0,0,-4
P.J. Tucker,NYK,39,1,0,1,1.8,0,0,0,0.0,0,0,0.0,0,0,0.0,0,0,0,0,0,0,0,0,0,0,0,2
Riley Minix,SAS,24,1,0,1,6.8,0,0,1,0.0,0,1,0.0,0,0,0.0,0,2,2,0,0,0,0,0,2,0,0,0
Zyon Pullin,MEM,24,3,1,2,2.6,0,0,1,0.0,0,0,0.0,0,0,0.0,0,0,0,0,0,0,0,0,0,0,0,1
